Order_ID,Order_Date,Region,Segment,Category,Sub_Category,Quantity,Unit_Price,Discount,Sales,Profit
ORD-00001,2025-07-18,East,Corporate,Technology,Phones,5,524.29,0.1,2621.47,227.32
ORD-00002,2025-06-21,Central,Corporate,Office Supplies,Art,6,22.33,0.0,133.98,21.46
ORD-00003,2025-11-07,Central,Consumer,Technology,Accessories,6,106.08,0.05,636.48,103.38
ORD-00004,2025-10-10,Central,Corporate,Furniture,Bookcases,1,226.72,0.1,226.72,13.27
ORD-00005,2025-12-09,South,Corporate,Technology,Phones,4,407.6,0.0,1630.38,405.36
ORD-00006,2025-02-02,East,Consumer,Technology,Phones,2,492.65,0.15,985.3,101.76
ORD-00007,2024-09-27,East,Consumer,Office Supplies,Art,1,29.96,0.0,29.96,4.81
ORD-00008,2025-02-16,West,Consumer,Technology,Machines,5,756.29,0.15,3781.43,289.31
ORD-00009,2025-08-30,South,Corporate,Office Supplies,Paper,4,18.46,0.0,73.85,16.28
ORD-00010,2025-08-30,East,Home Office,Technology,Accessories,2,86.26,0.15,172.53,24.08
ORD-00011,2025-07-23,East,Corporate,Technology,Machines,4,558.64,0.0,2234.56,630.87
ORD-00012,2025-04-22,Central,Corporate,Office Supplies,Binders,4,17.63,0.15,70.53,5.87
ORD-00013,2025-02-12,East,Consumer,Technology,Phones,6,415.48,0.05,2492.86,554.73
ORD-00014,2025-12-25,South,Consumer,Furniture,Tables,6,285.26,0.0,1711.54,269.4
ORD-00015,2025-04-28,Central,Corporate,Furniture,Tables,1,393.25,0.1,393.25,21.3
ORD-00016,2024-08-22,Central,Corporate,Office Supplies,Storage,2,87.41,0.0,174.82,25.9
ORD-00017,2024-04-27,Central,Consumer,Office Supplies,Paper,7,19.9,0.1,139.33,19.27
ORD-00018,2024-06-23,East,Consumer,Furniture,Chairs,3,216.14,0.05,648.42,33.62
ORD-00019,2025-12-03,South,Consumer,Furniture,Chairs,3,176.17,0.0,528.52,98.03
ORD-00020,2024-07-09,East,Home Office,Office Supplies,Paper,6,14.3,0.0,85.82,13.45
ORD-00021,2024-11-28,West,Corporate,Technology,Accessories,5,93.12,0.1,465.62,62.49
ORD-00022,2024-01-15,West,Corporate,Office Supplies,Storage,6,83.93,0.05,503.6,77.18
ORD-00023,2025-04-19,West,Consumer,Technology,Phones,5,467.75,0.0,2338.74,649.17
ORD-00024,2025-04-27,East,Home Office,Furniture,Chairs,2,290.82,0.1,581.65,24.78
ORD-00025,2025-02-28,East,Corporate,Office Supplies,Art,4,27.35,0.0,109.41,15.16
ORD-00026,2024-12-06,East,Home Office,Furniture,Tables,6,450.07,0.05,2700.4,552.19
ORD-00027,2025-02-21,East,Home Office,Technology,Accessories,4,90.01,0.0,360.02,77.57
ORD-00028,2024-07-26,East,Corporate,Furniture,Tables,1,469.12,0.2,469.12,-7.3
ORD-00029,2024-03-20,Central,Consumer,Furniture,Chairs,5,217.4,0.15,1086.98,34.85
ORD-00030,2025-03-24,Central,Corporate,Technology,Accessories,7,62.84,0.0,439.89,90.01
ORD-00031,2025-08-28,South,Corporate,Furniture,Chairs,4,176.3,0.3,705.19,-50.44
ORD-00032,2025-10-23,East,Corporate,Furniture,Bookcases,2,162.63,0.0,325.26,40.36
ORD-00033,2025-12-25,South,Consumer,Office Supplies,Art,2,32.34,0.2,64.68,2.32
ORD-00034,2024-12-08,South,Consumer,Furniture,Bookcases,3,199.17,0.1,597.51,61.97
ORD-00035,2025-06-29,East,Consumer,Office Supplies,Paper,3,13.15,0.0,39.45,9.78
ORD-00036,2025-10-13,East,Consumer,Office Supplies,Storage,2,86.99,0.1,173.98,13.27
ORD-00037,2025-07-21,South,Consumer,Office Supplies,Art,3,23.97,0.0,71.92,14.51
ORD-00038,2024-07-22,South,Home Office,Technology,Machines,1,742.08,0.0,742.08,169.41
ORD-00039,2025-02-28,West,Home Office,Office Supplies,Paper,3,16.68,0.15,50.03,1.55
ORD-00040,2024-11-12,West,Corporate,Technology,Accessories,1,94.14,0.05,94.14,17.04
ORD-00041,2025-04-28,South,Corporate,Furniture,Bookcases,3,183.54,0.2,550.62,-9.82
ORD-00042,2024-04-18,West,Home Office,Furniture,Bookcases,5,144.67,0.0,723.36,107.05
ORD-00043,2025-03-11,South,Home Office,Technology,Accessories,2,79.63,0.05,159.25,27.36
ORD-00044,2025-04-29,East,Corporate,Technology,Phones,1,377.82,0.15,377.82,16.0
ORD-00045,2025-03-18,South,Consumer,Office Supplies,Paper,7,26.76,0.05,187.29,22.81
ORD-00046,2025-12-03,South,Home Office,Office Supplies,Binders,7,18.96,0.0,132.74,19.24
ORD-00047,2025-08-19,West,Consumer,Office Supplies,Storage,7,70.51,0.1,493.6,62.66
ORD-00048,2024-08-20,West,Consumer,Office Supplies,Storage,3,89.87,0.2,269.62,14.89
ORD-00049,2024-04-22,West,Home Office,Furniture,Bookcases,4,180.04,0.0,720.18,106.68
ORD-00050,2024-11-09,South,Corporate,Technology,Phones,5,550.26,0.05,2751.29,563.5
ORD-00051,2025-09-30,South,Consumer,Office Supplies,Paper,6,19.25,0.0,115.52,33.33
ORD-00052,2025-04-14,West,Home Office,Technology,Machines,4,705.18,0.0,2820.7,538.94
ORD-00053,2024-02-07,South,Consumer,Technology,Accessories,3,52.38,0.15,157.13,20.96
ORD-00054,2024-08-22,Central,Consumer,Office Supplies,Art,6,25.39,0.1,152.35,15.96
ORD-00055,2025-01-26,Central,Home Office,Office Supplies,Storage,3,125.75,0.05,377.26,54.4
ORD-00056,2024-07-01,Central,Consumer,Office Supplies,Binders,2,25.71,0.05,51.42,8.43
ORD-00057,2024-09-25,East,Consumer,Furniture,Chairs,4,204.1,0.05,816.4,53.6
ORD-00058,2025-08-01,East,Corporate,Technology,Machines,7,733.32,0.05,5133.24,1199.69
ORD-00059,2025-09-11,Central,Consumer,Office Supplies,Art,4,28.37,0.1,113.49,13.32
ORD-00060,2024-05-09,South,Corporate,Technology,Machines,6,481.5,0.1,2889.02,428.52
ORD-00061,2024-03-10,Central,Home Office,Office Supplies,Binders,5,32.5,0.2,162.51,6.12
ORD-00062,2024-05-03,South,Home Office,Office Supplies,Art,6,31.98,0.15,191.88,10.18
ORD-00063,2024-07-03,Central,Consumer,Technology,Phones,6,383.56,0.1,2301.34,304.17
ORD-00064,2024-01-06,South,Home Office,Furniture,Bookcases,5,94.22,0.1,471.12,31.81
ORD-00065,2024-12-25,Central,Home Office,Furniture,Bookcases,2,165.29,0.0,330.58,27.98
ORD-00066,2024-12-22,Central,Corporate,Technology,Phones,5,533.81,0.15,2669.06,389.63
ORD-00067,2025-10-17,South,Consumer,Office Supplies,Paper,6,19.07,0.05,114.42,16.86
ORD-00068,2025-12-02,West,Home Office,Technology,Accessories,2,103.7,0.05,207.39,39.02
ORD-00069,2025-02-07,South,Corporate,Technology,Accessories,7,88.78,0.05,621.48,119.88
ORD-00070,2024-01-04,South,Corporate,Office Supplies,Art,6,28.44,0.0,170.67,46.33
ORD-00071,2024-03-30,Central,Home Office,Technology,Accessories,4,76.44,0.0,305.76,84.34
ORD-00072,2024-11-10,Central,Home Office,Office Supplies,Storage,3,61.53,0.05,184.6,30.99
ORD-00073,2025-07-24,West,Home Office,Office Supplies,Paper,4,8.85,0.2,35.41,0.83
ORD-00074,2024-02-01,South,Consumer,Office Supplies,Storage,1,97.89,0.0,97.89,19.38
ORD-00075,2024-06-24,West,Consumer,Technology,Machines,4,678.14,0.0,2712.56,586.51
ORD-00076,2025-10-25,South,Home Office,Office Supplies,Binders,1,27.28,0.0,27.28,3.28
ORD-00077,2024-06-23,South,Consumer,Office Supplies,Art,3,20.42,0.15,61.26,4.14
ORD-00078,2025-09-09,West,Consumer,Office Supplies,Paper,5,23.26,0.0,116.29,18.96
ORD-00079,2025-01-03,Central,Home Office,Office Supplies,Binders,4,28.57,0.2,114.27,2.19
ORD-00080,2024-02-08,Central,Corporate,Office Supplies,Paper,2,16.58,0.15,33.16,4.57
ORD-00081,2024-02-09,Central,Corporate,Furniture,Bookcases,1,209.84,0.2,209.84,-15.55
ORD-00082,2024-09-27,Central,Home Office,Technology,Accessories,1,75.02,0.3,75.02,-1.34
ORD-00083,2025-04-09,Central,Corporate,Technology,Machines,7,701.75,0.2,4912.28,334.05
ORD-00084,2025-01-27,East,Corporate,Furniture,Bookcases,5,176.14,0.2,880.72,3.01
ORD-00085,2024-10-21,East,Consumer,Office Supplies,Binders,7,40.79,0.0,285.56,55.86
ORD-00086,2025-03-24,West,Corporate,Furniture,Chairs,3,236.12,0.1,708.36,53.83
ORD-00087,2024-06-07,Central,Corporate,Office Supplies,Storage,7,71.65,0.0,501.53,90.14
ORD-00088,2024-04-17,Central,Corporate,Furniture,Tables,2,299.57,0.1,599.14,30.41
ORD-00089,2025-04-21,East,Corporate,Furniture,Bookcases,5,175.82,0.1,879.09,22.01
ORD-00090,2025-01-19,West,Home Office,Office Supplies,Binders,3,29.37,0.15,88.12,7.11
ORD-00091,2025-01-02,Central,Corporate,Office Supplies,Storage,6,78.71,0.0,472.25,75.65
ORD-00092,2024-01-31,West,Consumer,Furniture,Tables,1,435.64,0.15,435.64,17.57
ORD-00093,2024-08-31,West,Corporate,Furniture,Bookcases,4,229.11,0.15,916.42,14.44
ORD-00094,2025-05-30,Central,Consumer,Office Supplies,Storage,6,123.5,0.0,741.03,122.14
ORD-00095,2024-09-23,South,Home Office,Furniture,Bookcases,4,291.17,0.15,1164.69,9.22
ORD-00096,2024-04-15,Central,Consumer,Office Supplies,Binders,5,26.17,0.1,130.84,14.65
ORD-00097,2025-01-18,West,Home Office,Office Supplies,Paper,4,15.27,0.15,61.1,8.22
ORD-00098,2024-05-26,South,Corporate,Furniture,Bookcases,6,245.84,0.0,1475.01,278.97
ORD-00099,2024-02-28,South,Consumer,Furniture,Chairs,6,232.5,0.05,1394.99,125.32
ORD-00100,2024-06-27,West,Corporate,Technology,Accessories,7,93.46,0.0,654.21,165.06
ORD-00101,2025-03-04,East,Home Office,Office Supplies,Art,6,19.85,0.0,119.08,19.18
ORD-00102,2025-02-10,Central,Corporate,Office Supplies,Binders,5,26.44,0.15,132.2,11.19
ORD-00103,2025-01-28,East,Home Office,Office Supplies,Paper,7,19.52,0.05,136.67,22.26
ORD-00104,2024-09-27,East,Corporate,Office Supplies,Storage,4,88.58,0.1,354.33,27.95
ORD-00105,2024-12-30,Central,Corporate,Furniture,Bookcases,6,152.85,0.05,917.09,104.73
ORD-00106,2024-10-12,Central,Home Office,Office Supplies,Binders,2,33.55,0.0,67.09,12.37
ORD-00107,2024-11-23,East,Consumer,Office Supplies,Binders,3,19.08,0.0,57.24,11.4
ORD-00108,2025-01-18,South,Home Office,Office Supplies,Paper,5,12.24,0.1,61.19,9.71
ORD-00109,2025-10-21,Central,Consumer,Office Supplies,Binders,4,20.88,0.15,83.51,3.34
ORD-00110,2025-01-05,East,Home Office,Technology,Accessories,6,63.0,0.1,377.98,61.7
ORD-00111,2025-12-19,East,Consumer,Technology,Accessories,2,119.06,0.15,238.12,24.45
ORD-00112,2024-08-05,South,Corporate,Technology,Accessories,1,77.08,0.05,77.08,17.03
ORD-00113,2025-12-14,East,Corporate,Furniture,Chairs,2,192.05,0.0,384.09,45.34
ORD-00114,2024-07-13,South,Consumer,Office Supplies,Storage,7,110.95,0.0,776.62,101.74
ORD-00115,2024-03-20,Central,Home Office,Furniture,Chairs,7,151.09,0.15,1057.64,-0.77
ORD-00116,2024-10-14,West,Home Office,Office Supplies,Paper,6,18.96,0.0,113.74,27.39
ORD-00117,2024-01-04,Central,Home Office,Furniture,Tables,7,328.2,0.0,2297.37,278.74
ORD-00118,2025-03-21,South,Home Office,Office Supplies,Storage,5,73.25,0.2,366.26,35.3
ORD-00119,2024-08-06,Central,Home Office,Office Supplies,Art,5,22.36,0.0,111.8,20.5
ORD-00120,2025-05-10,Central,Home Office,Technology,Accessories,1,94.81,0.15,94.81,13.46
ORD-00121,2024-08-04,East,Consumer,Office Supplies,Binders,6,27.13,0.1,162.75,8.86
ORD-00122,2024-12-27,West,Consumer,Furniture,Chairs,7,309.43,0.0,2166.04,429.69
ORD-00123,2024-05-27,West,Corporate,Furniture,Chairs,4,177.94,0.1,711.75,76.47
ORD-00124,2025-10-09,East,Home Office,Furniture,Tables,7,378.53,0.1,2649.72,140.48
ORD-00125,2024-06-20,East,Consumer,Furniture,Chairs,4,243.33,0.1,973.33,-24.11
ORD-00126,2025-03-28,West,Consumer,Furniture,Bookcases,5,160.16,0.0,800.8,135.54
ORD-00127,2025-09-30,East,Corporate,Furniture,Chairs,1,240.34,0.15,240.34,5.21
ORD-00128,2025-09-20,East,Consumer,Furniture,Tables,4,484.64,0.1,1938.58,96.47
ORD-00129,2025-02-14,West,Home Office,Technology,Accessories,3,76.42,0.3,229.26,3.67
ORD-00130,2024-04-11,West,Consumer,Furniture,Tables,1,191.75,0.0,191.75,21.59
ORD-00131,2024-02-17,East,Home Office,Furniture,Bookcases,7,181.59,0.0,1271.16,167.06
ORD-00132,2025-04-08,South,Consumer,Technology,Accessories,3,104.62,0.1,313.86,38.65
ORD-00133,2024-10-14,East,Consumer,Furniture,Tables,2,378.86,0.0,757.72,78.63
ORD-00134,2024-03-22,Central,Home Office,Technology,Phones,4,329.63,0.0,1318.51,334.9
ORD-00135,2025-09-06,East,Home Office,Furniture,Tables,4,474.3,0.0,1897.21,166.23
ORD-00136,2024-08-31,East,Corporate,Office Supplies,Binders,2,29.74,0.2,59.48,0.01
ORD-00137,2025-06-03,West,Consumer,Office Supplies,Storage,2,106.47,0.0,212.94,42.53
ORD-00138,2025-11-12,East,Consumer,Technology,Phones,2,529.89,0.0,1059.79,160.39
ORD-00139,2025-02-19,Central,Corporate,Technology,Phones,2,265.88,0.0,531.75,139.63
ORD-00140,2024-11-30,West,Home Office,Office Supplies,Binders,2,25.71,0.2,51.42,2.08
ORD-00141,2024-11-27,Central,Consumer,Furniture,Bookcases,7,264.62,0.05,1852.34,130.16
ORD-00142,2025-02-04,Central,Consumer,Furniture,Chairs,6,241.42,0.0,1448.52,235.0
ORD-00143,2024-02-27,West,Corporate,Office Supplies,Storage,7,57.72,0.0,404.06,68.91
ORD-00144,2025-09-09,West,Corporate,Office Supplies,Paper,5,24.85,0.0,124.23,24.71
ORD-00145,2024-04-01,West,Consumer,Technology,Machines,6,493.63,0.0,2961.8,687.47
ORD-00146,2024-07-12,East,Consumer,Office Supplies,Art,1,23.58,0.3,23.58,-0.09
ORD-00147,2025-10-17,South,Home Office,Furniture,Bookcases,1,181.52,0.1,181.52,10.84
ORD-00148,2024-11-22,West,Consumer,Technology,Phones,5,500.61,0.1,2503.05,231.45
ORD-00149,2025-03-10,West,Consumer,Technology,Phones,2,551.56,0.0,1103.12,221.09
ORD-00150,2025-01-18,East,Home Office,Furniture,Bookcases,3,205.85,0.15,617.56,40.76
ORD-00151,2025-12-18,East,Corporate,Office Supplies,Paper,2,18.86,0.0,37.72,6.4
ORD-00152,2024-11-08,West,Home Office,Furniture,Bookcases,3,163.75,0.2,491.24,-11.82
ORD-00153,2024-04-19,South,Corporate,Furniture,Tables,3,339.77,0.0,1019.3,101.24
ORD-00154,2025-10-04,West,Home Office,Furniture,Tables,6,382.43,0.05,2294.6,225.75
ORD-00155,2025-06-17,South,Home Office,Office Supplies,Binders,4,37.62,0.0,150.47,26.59
ORD-00156,2025-09-20,East,Consumer,Office Supplies,Storage,6,88.18,0.0,529.09,134.55
ORD-00157,2025-12-15,East,Corporate,Technology,Machines,7,900.78,0.2,6305.44,533.36
ORD-00158,2024-09-11,Central,Home Office,Furniture,Chairs,5,261.2,0.05,1306.01,178.16
ORD-00159,2024-12-07,West,Consumer,Furniture,Bookcases,1,191.3,0.05,191.3,19.7
ORD-00160,2024-08-12,West,Consumer,Technology,Accessories,5,48.78,0.3,243.89,-7.16
ORD-00161,2025-07-04,South,Corporate,Furniture,Tables,5,322.02,0.0,1610.11,149.78
ORD-00162,2024-02-11,West,Home Office,Furniture,Bookcases,4,188.05,0.0,752.21,78.77
ORD-00163,2025-04-21,East,Consumer,Technology,Machines,5,369.92,0.0,1849.61,411.11
ORD-00164,2024-08-08,East,Home Office,Office Supplies,Paper,7,18.89,0.3,132.25,-9.77
ORD-00165,2024-02-22,West,Home Office,Furniture,Bookcases,3,242.04,0.1,726.12,-16.38
ORD-00166,2025-06-26,East,Consumer,Office Supplies,Storage,5,83.34,0.0,416.72,79.74
ORD-00167,2025-09-13,Central,Home Office,Technology,Accessories,3,68.87,0.0,206.62,36.42
ORD-00168,2024-03-22,East,Consumer,Furniture,Tables,6,367.67,0.0,2206.04,260.8
ORD-00169,2025-10-16,West,Corporate,Technology,Machines,6,660.0,0.15,3959.99,361.11
ORD-00170,2024-02-14,Central,Home Office,Furniture,Tables,4,327.99,0.15,1311.95,89.23
ORD-00171,2024-09-04,Central,Consumer,Office Supplies,Paper,4,23.4,0.0,93.6,16.74
ORD-00172,2024-02-24,East,Corporate,Office Supplies,Art,7,20.98,0.1,146.88,26.57
ORD-00173,2025-01-26,East,Consumer,Furniture,Chairs,6,223.66,0.0,1341.99,208.94
ORD-00174,2025-09-01,West,Consumer,Furniture,Tables,7,405.88,0.1,2841.19,70.23
ORD-00175,2024-01-22,West,Consumer,Office Supplies,Storage,3,99.42,0.0,298.27,61.79
ORD-00176,2025-12-09,West,Home Office,Furniture,Tables,3,350.26,0.0,1050.79,39.33
ORD-00177,2025-06-25,East,Corporate,Office Supplies,Storage,3,104.44,0.2,313.33,-0.21
ORD-00178,2025-11-11,Central,Home Office,Technology,Phones,3,402.08,0.1,1206.24,186.89
ORD-00179,2024-06-03,South,Corporate,Office Supplies,Storage,2,74.05,0.1,148.1,16.85
ORD-00180,2024-07-23,East,Consumer,Office Supplies,Art,2,20.08,0.05,40.16,6.17
ORD-00181,2025-04-06,East,Home Office,Office Supplies,Paper,4,20.44,0.0,81.77,12.56
ORD-00182,2024-08-09,Central,Corporate,Furniture,Tables,5,261.55,0.05,1307.76,155.25
ORD-00183,2024-05-09,Central,Consumer,Furniture,Bookcases,1,205.65,0.0,205.65,18.68
ORD-00184,2025-06-28,West,Consumer,Office Supplies,Storage,6,107.63,0.1,645.78,63.35
ORD-00185,2025-11-22,East,Consumer,Furniture,Chairs,6,283.64,0.05,1701.82,195.45
ORD-00186,2025-03-06,East,Corporate,Office Supplies,Paper,4,18.52,0.05,74.07,11.14
ORD-00187,2024-10-24,East,Consumer,Office Supplies,Binders,4,28.02,0.0,112.07,23.92
ORD-00188,2025-06-19,West,Home Office,Office Supplies,Binders,5,30.33,0.0,151.67,36.47
ORD-00189,2025-09-20,West,Home Office,Office Supplies,Art,6,18.61,0.0,111.65,20.14
ORD-00190,2024-07-23,South,Corporate,Technology,Accessories,2,91.36,0.2,182.71,17.24
ORD-00191,2025-05-27,South,Consumer,Furniture,Bookcases,6,98.87,0.0,593.2,82.95
ORD-00192,2025-06-08,Central,Corporate,Furniture,Chairs,7,229.81,0.1,1608.7,131.88
ORD-00193,2025-09-30,Central,Consumer,Office Supplies,Paper,7,15.79,0.2,110.54,7.04
ORD-00194,2025-09-17,South,Consumer,Furniture,Chairs,4,253.81,0.1,1015.24,38.9
ORD-00195,2025-10-28,South,Home Office,Furniture,Tables,7,300.11,0.3,2100.77,-269.87
ORD-00196,2024-06-19,Central,Corporate,Office Supplies,Paper,6,27.68,0.05,166.1,33.89
ORD-00197,2024-07-30,East,Corporate,Office Supplies,Binders,3,30.74,0.05,92.22,18.76
ORD-00198,2024-07-31,East,Home Office,Office Supplies,Storage,7,81.53,0.0,570.73,87.03
ORD-00199,2025-09-04,West,Corporate,Technology,Accessories,2,81.32,0.0,162.64,36.1
ORD-00200,2024-07-28,South,Home Office,Office Supplies,Art,2,25.2,0.05,50.39,12.64
ORD-00201,2025-12-16,West,Corporate,Technology,Machines,5,628.37,0.15,3141.86,375.98
ORD-00202,2024-06-12,West,Corporate,Office Supplies,Storage,5,65.78,0.15,328.9,33.01
ORD-00203,2025-02-07,Central,Consumer,Furniture,Bookcases,2,223.23,0.1,446.46,18.77
ORD-00204,2024-01-24,East,Consumer,Office Supplies,Art,4,32.34,0.15,129.35,14.43
ORD-00205,2024-12-02,East,Consumer,Technology,Machines,2,735.56,0.1,1471.13,171.52
ORD-00206,2025-05-12,West,Home Office,Office Supplies,Paper,6,14.85,0.05,89.12,16.21
ORD-00207,2025-08-08,East,Home Office,Office Supplies,Paper,2,17.05,0.0,34.1,6.57
ORD-00208,2024-08-25,West,Consumer,Technology,Phones,2,484.85,0.0,969.7,238.31
ORD-00209,2024-11-14,South,Corporate,Technology,Phones,6,431.77,0.1,2590.6,562.15
ORD-00210,2024-01-20,East,Home Office,Technology,Accessories,2,45.78,0.15,91.56,9.92
ORD-00211,2024-03-08,East,Consumer,Technology,Phones,3,577.56,0.0,1732.67,400.77
ORD-00212,2025-01-28,Central,Consumer,Furniture,Bookcases,6,261.85,0.05,1571.07,50.97
ORD-00213,2025-07-02,West,Consumer,Office Supplies,Binders,7,30.91,0.0,216.4,48.83
ORD-00214,2024-02-14,West,Corporate,Office Supplies,Storage,3,115.12,0.0,345.36,58.83
ORD-00215,2024-10-13,South,Corporate,Office Supplies,Art,2,31.78,0.2,63.55,-0.61
ORD-00216,2024-12-11,Central,Corporate,Technology,Machines,5,613.59,0.15,3067.96,254.7
ORD-00217,2025-08-27,Central,Corporate,Furniture,Chairs,3,200.07,0.0,600.21,59.89
ORD-00218,2025-03-28,East,Corporate,Furniture,Tables,2,296.58,0.15,593.16,-16.91
ORD-00219,2024-10-08,East,Corporate,Technology,Accessories,6,92.81,0.0,556.84,144.73
ORD-00220,2025-09-08,South,Corporate,Office Supplies,Binders,1,27.93,0.0,27.93,5.0
ORD-00221,2024-05-05,South,Corporate,Office Supplies,Paper,6,24.07,0.05,144.4,20.72
ORD-00222,2024-09-05,West,Consumer,Technology,Phones,2,644.09,0.0,1288.18,254.51
ORD-00223,2024-03-13,West,Corporate,Office Supplies,Storage,3,84.84,0.0,254.52,47.45
ORD-00224,2024-05-11,East,Consumer,Office Supplies,Storage,3,80.11,0.0,240.34,64.86
ORD-00225,2025-03-21,West,Home Office,Office Supplies,Art,3,23.02,0.2,69.05,-3.65
ORD-00226,2024-02-07,South,Home Office,Technology,Accessories,1,42.93,0.0,42.93,11.86
ORD-00227,2025-08-21,Central,Consumer,Technology,Accessories,5,99.63,0.0,498.17,123.71
ORD-00228,2024-12-07,South,Home Office,Furniture,Chairs,7,247.08,0.15,1729.57,14.3
ORD-00229,2024-12-30,East,Home Office,Furniture,Chairs,4,109.41,0.05,437.66,49.87
ORD-00230,2024-12-09,South,Home Office,Furniture,Bookcases,1,213.85,0.0,213.85,41.55
ORD-00231,2025-03-06,East,Corporate,Technology,Phones,5,397.43,0.05,1987.17,387.26
ORD-00232,2025-08-08,South,Corporate,Office Supplies,Art,7,23.09,0.0,161.66,36.19
ORD-00233,2024-12-03,Central,Consumer,Furniture,Chairs,3,184.89,0.0,554.67,92.69
ORD-00234,2025-01-23,South,Consumer,Furniture,Chairs,1,196.66,0.15,196.66,6.08
ORD-00235,2025-02-14,South,Consumer,Office Supplies,Paper,6,17.54,0.15,105.26,10.6
ORD-00236,2024-03-17,West,Home Office,Furniture,Bookcases,5,254.25,0.2,1271.23,-29.39
ORD-00237,2025-02-26,West,Consumer,Office Supplies,Art,7,20.83,0.1,145.83,18.63
ORD-00238,2024-09-01,East,Consumer,Technology,Phones,6,235.11,0.05,1410.65,310.84
ORD-00239,2025-07-28,East,Consumer,Furniture,Bookcases,7,189.03,0.05,1323.2,173.8
ORD-00240,2025-05-05,West,Home Office,Technology,Machines,2,593.58,0.05,1187.15,239.23
ORD-00241,2025-12-04,South,Corporate,Technology,Phones,6,335.41,0.1,2012.47,315.7
ORD-00242,2024-03-26,Central,Home Office,Furniture,Chairs,1,249.73,0.05,249.73,23.4
ORD-00243,2025-03-19,East,Home Office,Office Supplies,Paper,7,7.0,0.05,48.99,5.45
ORD-00244,2024-06-10,West,Consumer,Office Supplies,Paper,6,19.6,0.0,117.6,29.9
ORD-00245,2025-01-14,East,Consumer,Office Supplies,Art,4,30.29,0.0,121.14,20.64
ORD-00246,2025-07-31,South,Consumer,Furniture,Chairs,5,231.07,0.05,1155.36,130.27
ORD-00247,2024-04-11,West,Consumer,Furniture,Tables,5,223.0,0.0,1115.0,190.31
ORD-00248,2024-06-12,South,Home Office,Furniture,Tables,6,535.45,0.0,3212.72,523.76
ORD-00249,2025-04-07,East,Corporate,Office Supplies,Storage,3,103.94,0.0,311.82,53.5
ORD-00250,2024-12-15,Central,Home Office,Office Supplies,Art,7,25.73,0.15,180.08,19.73
ORD-00251,2024-02-02,South,Consumer,Furniture,Chairs,3,157.47,0.0,472.42,78.07
ORD-00252,2025-11-14,Central,Corporate,Office Supplies,Storage,2,87.14,0.2,174.27,4.47
ORD-00253,2024-11-20,West,Corporate,Office Supplies,Paper,7,11.14,0.0,77.96,13.78
ORD-00254,2024-05-24,Central,Home Office,Technology,Machines,7,839.99,0.2,5879.96,667.88
ORD-00255,2025-12-13,South,Consumer,Technology,Accessories,5,54.98,0.0,274.91,66.74
ORD-00256,2024-10-10,South,Corporate,Furniture,Bookcases,4,202.17,0.3,808.69,-34.04
ORD-00257,2024-11-29,East,Home Office,Furniture,Tables,7,233.52,0.05,1634.67,239.0
ORD-00258,2025-02-18,West,Consumer,Technology,Phones,6,359.33,0.2,2156.0,283.96
ORD-00259,2024-04-24,West,Corporate,Furniture,Chairs,7,310.14,0.0,2170.95,290.07
ORD-00260,2025-09-27,South,Consumer,Office Supplies,Art,7,30.24,0.0,211.71,38.71
ORD-00261,2024-05-22,Central,Home Office,Technology,Accessories,2,89.79,0.1,179.57,27.78
ORD-00262,2025-01-05,West,Corporate,Technology,Machines,6,968.85,0.2,5813.11,721.6
ORD-00263,2024-03-07,West,Consumer,Technology,Accessories,4,103.62,0.2,414.46,33.56
ORD-00264,2024-03-31,West,Home Office,Office Supplies,Paper,4,19.55,0.0,78.19,15.35
ORD-00265,2024-11-13,West,Home Office,Technology,Accessories,6,97.24,0.0,583.45,128.66
ORD-00266,2025-08-23,South,Corporate,Technology,Accessories,1,54.42,0.1,54.42,8.28
ORD-00267,2025-12-27,East,Home Office,Technology,Machines,1,810.28,0.05,810.28,166.21
ORD-00268,2024-06-24,West,Corporate,Furniture,Bookcases,2,183.98,0.0,367.96,81.47
ORD-00269,2025-10-16,East,Home Office,Furniture,Tables,2,352.78,0.15,705.57,16.8
ORD-00270,2025-10-21,East,Corporate,Office Supplies,Paper,3,17.55,0.2,52.64,2.27
ORD-00271,2025-04-28,Central,Corporate,Furniture,Tables,6,319.42,0.05,1916.54,227.28
ORD-00272,2024-09-26,Central,Home Office,Office Supplies,Storage,4,68.11,0.05,272.46,27.94
ORD-00273,2024-04-05,West,Home Office,Furniture,Chairs,3,219.35,0.15,658.05,13.7
ORD-00274,2025-02-15,East,Consumer,Technology,Machines,1,441.63,0.0,441.63,127.94
ORD-00275,2025-01-21,South,Home Office,Furniture,Chairs,2,235.97,0.15,471.94,-0.39
ORD-00276,2025-07-28,East,Consumer,Furniture,Chairs,4,235.89,0.0,943.57,111.75
ORD-00277,2025-02-05,Central,Corporate,Office Supplies,Paper,6,16.6,0.05,99.6,16.31
ORD-00278,2024-03-20,East,Corporate,Office Supplies,Paper,6,13.32,0.15,79.93,4.45
ORD-00279,2024-05-08,East,Consumer,Technology,Accessories,2,94.33,0.0,188.65,43.1
ORD-00280,2024-05-13,South,Corporate,Furniture,Chairs,2,223.29,0.05,446.57,59.77
ORD-00281,2024-06-21,South,Consumer,Office Supplies,Art,4,20.23,0.05,80.9,11.44
ORD-00282,2025-03-31,Central,Home Office,Office Supplies,Storage,7,37.53,0.2,262.72,8.78
ORD-00283,2024-12-02,West,Corporate,Furniture,Chairs,6,211.75,0.05,1270.52,157.68
ORD-00284,2024-11-25,Central,Consumer,Furniture,Tables,4,462.05,0.15,1848.21,180.77
ORD-00285,2025-08-01,South,Consumer,Technology,Accessories,1,67.6,0.2,67.6,4.79
ORD-00286,2024-04-03,East,Corporate,Furniture,Chairs,3,214.92,0.1,644.76,36.57
ORD-00287,2025-02-10,East,Corporate,Office Supplies,Art,5,26.09,0.0,130.44,21.48
ORD-00288,2025-07-12,Central,Consumer,Office Supplies,Art,3,16.74,0.1,50.21,4.49
ORD-00289,2025-08-15,East,Home Office,Technology,Machines,7,593.94,0.0,4157.57,837.42
ORD-00290,2024-11-02,West,Corporate,Office Supplies,Storage,2,81.73,0.3,163.46,-4.79
ORD-00291,2024-11-11,East,Home Office,Office Supplies,Art,5,22.84,0.15,114.19,8.8
ORD-00292,2025-09-05,South,Consumer,Office Supplies,Storage,2,95.61,0.1,191.23,7.17
ORD-00293,2024-05-31,Central,Corporate,Technology,Machines,7,728.68,0.0,5100.75,1151.86
ORD-00294,2024-04-24,East,Corporate,Office Supplies,Paper,3,21.73,0.0,65.2,11.35
ORD-00295,2025-09-21,Central,Corporate,Office Supplies,Paper,4,15.11,0.3,60.44,-1.16
ORD-00296,2024-06-26,South,Consumer,Furniture,Tables,7,511.9,0.15,3583.31,91.65
ORD-00297,2024-12-07,West,Consumer,Furniture,Tables,1,353.89,0.05,353.89,42.57
ORD-00298,2024-06-03,West,Consumer,Office Supplies,Paper,7,16.48,0.0,115.36,20.9
ORD-00299,2024-04-08,South,Corporate,Technology,Machines,1,726.09,0.0,726.09,121.84
ORD-00300,2024-07-05,West,Consumer,Furniture,Chairs,1,247.95,0.1,247.95,22.73
ORD-00301,2025-10-31,South,Home Office,Furniture,Chairs,5,106.54,0.0,532.68,81.57
ORD-00302,2025-01-30,West,Home Office,Office Supplies,Storage,3,77.64,0.15,232.91,17.91
ORD-00303,2025-11-16,Central,Home Office,Technology,Accessories,1,103.21,0.2,103.21,7.52
ORD-00304,2024-02-03,East,Corporate,Office Supplies,Paper,6,8.44,0.0,50.64,6.98
ORD-00305,2025-01-03,Central,Home Office,Office Supplies,Binders,4,26.9,0.15,107.6,6.43
ORD-00306,2025-07-19,East,Home Office,Technology,Machines,6,594.85,0.1,3569.13,357.44
ORD-00307,2025-12-02,Central,Corporate,Furniture,Tables,1,390.75,0.3,390.75,-48.26
ORD-00308,2025-04-26,Central,Home Office,Office Supplies,Binders,4,35.34,0.0,141.36,27.97
ORD-00309,2024-07-26,South,Home Office,Technology,Phones,4,441.16,0.3,1764.63,17.17
ORD-00310,2024-07-01,South,Home Office,Furniture,Chairs,6,141.83,0.1,850.99,66.17
ORD-00311,2024-01-18,West,Corporate,Office Supplies,Art,4,18.59,0.1,74.34,11.75
ORD-00312,2024-11-26,East,Home Office,Technology,Phones,3,396.71,0.0,1190.12,267.84
ORD-00313,2024-02-07,Central,Consumer,Office Supplies,Storage,3,91.76,0.2,275.27,5.89
ORD-00314,2025-02-03,East,Consumer,Technology,Machines,4,583.4,0.0,2333.58,394.8
ORD-00315,2025-11-30,Central,Consumer,Furniture,Chairs,4,226.84,0.15,907.38,32.47
ORD-00316,2024-03-30,South,Home Office,Furniture,Tables,4,401.72,0.0,1606.88,215.74
ORD-00317,2024-09-12,Central,Home Office,Technology,Phones,7,438.8,0.3,3071.57,28.97
ORD-00318,2025-08-25,West,Consumer,Office Supplies,Art,3,27.2,0.0,81.6,18.5
ORD-00319,2024-02-22,South,Home Office,Furniture,Chairs,1,274.56,0.0,274.56,29.4
ORD-00320,2024-03-03,East,Corporate,Furniture,Bookcases,6,191.57,0.2,1149.41,-12.73
ORD-00321,2025-06-04,East,Corporate,Office Supplies,Art,3,28.83,0.05,86.49,12.62
ORD-00322,2025-07-24,Central,Consumer,Office Supplies,Paper,2,16.46,0.0,32.92,6.84
ORD-00323,2025-05-15,South,Home Office,Office Supplies,Art,5,20.95,0.15,104.77,6.32
ORD-00324,2024-11-26,West,Consumer,Technology,Machines,5,561.49,0.0,2807.45,590.13
ORD-00325,2025-02-08,Central,Consumer,Furniture,Chairs,2,329.75,0.1,659.51,44.49
ORD-00326,2025-03-26,West,Corporate,Office Supplies,Binders,5,24.12,0.0,120.59,18.47
ORD-00327,2024-03-04,West,Consumer,Furniture,Tables,7,303.28,0.15,2122.93,24.84
ORD-00328,2025-12-02,South,Corporate,Office Supplies,Paper,4,24.76,0.1,99.02,12.42
ORD-00329,2025-01-20,Central,Home Office,Office Supplies,Art,5,31.72,0.0,158.61,30.67
ORD-00330,2025-01-10,Central,Corporate,Furniture,Tables,7,437.5,0.05,3062.48,432.79
ORD-00331,2024-05-12,West,Corporate,Furniture,Bookcases,3,120.68,0.0,362.04,54.16
ORD-00332,2025-01-28,West,Home Office,Office Supplies,Paper,6,16.71,0.1,100.26,11.01
ORD-00333,2024-05-02,Central,Consumer,Office Supplies,Art,3,26.34,0.1,79.01,7.95
ORD-00334,2024-04-21,East,Home Office,Office Supplies,Paper,2,19.89,0.1,39.78,4.63
ORD-00335,2025-12-30,West,Corporate,Furniture,Chairs,6,233.25,0.0,1399.51,204.27
ORD-00336,2025-07-02,Central,Home Office,Furniture,Bookcases,7,228.98,0.1,1602.89,89.56
ORD-00337,2025-11-12,West,Home Office,Furniture,Tables,3,433.89,0.15,1301.66,66.49
ORD-00338,2024-06-25,South,Consumer,Furniture,Tables,7,306.76,0.2,2147.3,34.69
ORD-00339,2024-08-22,Central,Corporate,Technology,Phones,5,507.29,0.1,2536.44,412.64
ORD-00340,2025-05-10,East,Consumer,Furniture,Tables,6,304.7,0.0,1828.21,256.65
ORD-00341,2025-09-12,East,Consumer,Furniture,Bookcases,7,104.82,0.15,733.76,-8.54
ORD-00342,2025-12-13,Central,Consumer,Technology,Phones,3,386.49,0.1,1159.46,167.57
ORD-00343,2024-02-10,Central,Corporate,Technology,Phones,7,433.3,0.15,3033.12,398.15
ORD-00344,2024-06-16,Central,Home Office,Office Supplies,Binders,4,21.32,0.0,85.28,19.26
ORD-00345,2024-01-09,West,Home Office,Technology,Accessories,4,97.69,0.1,390.75,63.79
ORD-00346,2025-08-13,South,Corporate,Technology,Machines,5,561.88,0.1,2809.42,330.79
ORD-00347,2024-08-07,East,Consumer,Furniture,Bookcases,7,249.58,0.0,1747.05,288.91
ORD-00348,2024-12-17,West,Corporate,Furniture,Chairs,5,224.91,0.05,1124.55,125.76
ORD-00349,2025-07-20,South,Corporate,Office Supplies,Binders,4,31.34,0.0,125.38,20.39
ORD-00350,2025-05-22,West,Corporate,Office Supplies,Binders,2,26.36,0.0,52.72,7.15
ORD-00351,2024-05-08,South,Corporate,Technology,Phones,1,395.1,0.0,395.1,99.21
ORD-00352,2024-08-09,Central,Home Office,Technology,Phones,7,335.07,0.0,2345.49,551.56
ORD-00353,2025-10-23,South,Consumer,Technology,Accessories,2,94.53,0.0,189.07,24.18
ORD-00354,2025-11-15,Central,Home Office,Office Supplies,Binders,5,24.21,0.1,121.03,12.57
ORD-00355,2024-02-24,Central,Corporate,Office Supplies,Paper,5,10.39,0.05,51.95,7.82
ORD-00356,2025-11-08,East,Consumer,Furniture,Chairs,7,170.77,0.05,1195.36,153.17
ORD-00357,2024-12-04,South,Corporate,Office Supplies,Paper,5,23.12,0.0,115.61,28.46
ORD-00358,2024-05-25,West,Consumer,Furniture,Chairs,6,187.22,0.1,1123.32,22.9
ORD-00359,2025-05-20,South,Home Office,Technology,Phones,5,412.41,0.0,2062.06,419.99
ORD-00360,2024-08-14,Central,Corporate,Furniture,Chairs,1,316.85,0.15,316.85,11.43
ORD-00361,2025-09-09,Central,Consumer,Technology,Phones,6,348.57,0.05,2091.43,314.56
ORD-00362,2024-05-18,East,Consumer,Office Supplies,Binders,1,29.01,0.05,29.01,4.15
ORD-00363,2025-05-16,West,Home Office,Technology,Accessories,1,89.46,0.0,89.46,19.23
ORD-00364,2025-01-30,East,Corporate,Furniture,Tables,4,354.36,0.0,1417.44,282.61
ORD-00365,2025-04-20,West,Consumer,Furniture,Chairs,6,230.52,0.0,1383.1,217.29
ORD-00366,2025-07-12,West,Consumer,Furniture,Chairs,6,221.5,0.1,1329.02,49.83
ORD-00367,2025-01-11,East,Home Office,Office Supplies,Binders,6,23.03,0.0,138.2,28.15
ORD-00368,2024-08-24,South,Home Office,Office Supplies,Art,1,29.1,0.15,29.1,2.65
ORD-00369,2025-04-06,South,Home Office,Furniture,Bookcases,2,282.55,0.0,565.1,65.94
ORD-00370,2025-01-26,West,Corporate,Furniture,Bookcases,2,131.28,0.3,262.56,-23.18
ORD-00371,2025-09-07,East,Consumer,Technology,Accessories,4,61.35,0.3,245.41,6.89
ORD-00372,2024-05-31,West,Consumer,Technology,Accessories,1,114.74,0.0,114.74,26.28
ORD-00373,2024-11-05,South,Home Office,Furniture,Bookcases,1,190.61,0.3,190.61,-15.34
ORD-00374,2025-06-14,South,Corporate,Furniture,Bookcases,7,128.48,0.0,899.35,44.01
ORD-00375,2025-01-22,South,Corporate,Furniture,Chairs,7,196.12,0.0,1372.81,173.12
ORD-00376,2025-02-15,East,Consumer,Furniture,Chairs,2,197.61,0.0,395.22,41.59
ORD-00377,2024-09-16,East,Consumer,Furniture,Bookcases,3,270.11,0.05,810.32,43.94
ORD-00378,2024-02-10,Central,Consumer,Office Supplies,Storage,5,105.41,0.2,527.03,0.37
ORD-00379,2024-12-27,West,Consumer,Furniture,Bookcases,4,309.44,0.15,1237.76,36.37
ORD-00380,2025-10-23,Central,Home Office,Office Supplies,Storage,7,57.17,0.15,400.17,15.71
ORD-00381,2024-09-06,West,Corporate,Furniture,Tables,4,411.74,0.1,1646.97,97.09
ORD-00382,2024-09-10,South,Consumer,Office Supplies,Binders,1,31.27,0.0,31.27,5.57
ORD-00383,2024-06-24,East,Corporate,Office Supplies,Paper,3,18.22,0.0,54.67,10.32
ORD-00384,2025-12-16,West,Consumer,Furniture,Chairs,3,175.71,0.0,527.12,80.94
ORD-00385,2025-07-06,South,Home Office,Technology,Machines,5,761.12,0.1,3805.61,527.54
ORD-00386,2024-01-25,West,Corporate,Furniture,Chairs,6,229.44,0.15,1376.66,44.21
ORD-00387,2025-07-13,South,Home Office,Technology,Accessories,5,101.28,0.2,506.42,8.46
ORD-00388,2024-11-21,Central,Home Office,Office Supplies,Art,6,14.95,0.1,89.69,12.74
ORD-00389,2025-08-06,Central,Home Office,Office Supplies,Paper,6,13.85,0.0,83.12,16.41
ORD-00390,2025-09-13,South,Corporate,Furniture,Tables,1,456.18,0.0,456.18,71.68
ORD-00391,2025-10-03,East,Home Office,Technology,Phones,2,471.29,0.05,942.59,199.76
ORD-00392,2024-02-07,South,Corporate,Furniture,Bookcases,3,192.83,0.1,578.49,41.51
ORD-00393,2025-02-17,East,Consumer,Office Supplies,Binders,4,34.58,0.0,138.33,37.6
ORD-00394,2024-12-28,Central,Consumer,Office Supplies,Paper,7,14.84,0.0,103.86,20.64
ORD-00395,2025-08-20,Central,Corporate,Technology,Machines,3,636.42,0.2,1909.26,333.43
ORD-00396,2024-10-06,West,Consumer,Furniture,Bookcases,6,160.98,0.1,965.88,94.44
ORD-00397,2025-01-08,East,Consumer,Furniture,Bookcases,3,220.58,0.0,661.73,67.73
ORD-00398,2024-07-07,East,Corporate,Office Supplies,Storage,2,101.95,0.1,203.9,28.28
ORD-00399,2024-04-24,West,Home Office,Furniture,Tables,5,488.78,0.05,2443.88,302.25
ORD-00400,2025-10-17,East,Corporate,Technology,Phones,1,280.79,0.2,280.79,16.41
ORD-00401,2024-11-26,East,Corporate,Office Supplies,Binders,6,20.51,0.2,123.03,5.14
ORD-00402,2025-03-23,Central,Corporate,Office Supplies,Paper,1,20.39,0.1,20.39,3.86
ORD-00403,2024-03-09,South,Home Office,Furniture,Tables,6,234.49,0.2,1406.96,-20.07
ORD-00404,2025-11-16,East,Corporate,Furniture,Chairs,3,246.57,0.0,739.71,79.45
ORD-00405,2024-07-04,East,Consumer,Furniture,Bookcases,5,112.41,0.0,562.03,78.96
ORD-00406,2024-06-27,East,Corporate,Furniture,Chairs,3,193.89,0.15,581.66,17.84
ORD-00407,2025-12-06,Central,Home Office,Technology,Machines,3,584.77,0.15,1754.31,243.64
ORD-00408,2025-12-23,East,Corporate,Furniture,Tables,5,461.89,0.05,2309.47,380.46
ORD-00409,2024-04-02,South,Corporate,Technology,Phones,5,440.29,0.15,2201.45,144.21
ORD-00410,2025-11-07,West,Consumer,Office Supplies,Binders,5,28.53,0.15,142.65,5.57
ORD-00411,2025-02-10,West,Consumer,Technology,Phones,5,666.4,0.1,3332.0,573.03
ORD-00412,2025-10-16,East,Home Office,Technology,Accessories,3,114.6,0.0,343.8,66.51
ORD-00413,2025-07-11,West,Corporate,Office Supplies,Paper,1,16.79,0.3,16.79,-1.06
ORD-00414,2024-06-05,Central,Consumer,Office Supplies,Binders,3,31.03,0.0,93.1,12.53
ORD-00415,2024-01-04,Central,Consumer,Office Supplies,Storage,7,73.34,0.15,513.35,51.92
ORD-00416,2025-09-28,East,Corporate,Furniture,Tables,4,281.15,0.1,1124.59,82.81
ORD-00417,2025-10-17,South,Home Office,Office Supplies,Binders,5,23.17,0.05,115.83,16.87
ORD-00418,2024-04-17,Central,Home Office,Furniture,Chairs,3,249.45,0.15,748.35,-27.78
ORD-00419,2024-01-24,West,Corporate,Office Supplies,Storage,7,108.19,0.0,757.36,147.26
ORD-00420,2024-08-29,South,Corporate,Office Supplies,Art,2,33.96,0.1,67.92,3.09
ORD-00421,2024-10-02,South,Consumer,Technology,Accessories,3,90.18,0.05,270.54,55.52
ORD-00422,2025-08-30,Central,Consumer,Office Supplies,Storage,3,115.29,0.0,345.88,71.12
ORD-00423,2025-06-15,East,Home Office,Furniture,Bookcases,7,238.69,0.0,1670.86,384.36
ORD-00424,2024-02-25,Central,Consumer,Office Supplies,Storage,1,88.6,0.0,88.6,14.07
ORD-00425,2025-02-04,East,Home Office,Furniture,Tables,6,338.77,0.05,2032.6,209.29
ORD-00426,2024-10-19,West,Home Office,Office Supplies,Art,2,28.36,0.0,56.73,13.5
ORD-00427,2025-04-30,Central,Corporate,Technology,Accessories,7,79.61,0.05,557.26,150.85
ORD-00428,2024-07-12,South,Corporate,Furniture,Bookcases,4,242.58,0.0,970.3,136.24
ORD-00429,2024-04-19,South,Home Office,Technology,Phones,6,595.52,0.0,3573.14,946.84
ORD-00430,2024-03-12,East,Home Office,Office Supplies,Storage,2,100.45,0.0,200.9,34.71
ORD-00431,2025-12-21,West,Corporate,Technology,Accessories,2,104.63,0.0,209.25,58.96
ORD-00432,2025-09-08,South,Consumer,Office Supplies,Paper,3,17.25,0.1,51.76,4.2
ORD-00433,2024-05-18,West,Home Office,Furniture,Chairs,4,256.27,0.1,1025.09,88.93
ORD-00434,2024-12-07,Central,Consumer,Office Supplies,Paper,7,13.31,0.0,93.15,18.19
ORD-00435,2024-08-28,South,Consumer,Office Supplies,Storage,4,127.81,0.3,511.25,-24.2
ORD-00436,2025-11-01,West,Consumer,Furniture,Bookcases,4,251.87,0.0,1007.47,127.37
ORD-00437,2025-11-10,West,Consumer,Office Supplies,Storage,6,90.02,0.15,540.1,71.97
ORD-00438,2025-11-08,East,Home Office,Office Supplies,Art,6,26.66,0.1,159.98,18.64
ORD-00439,2025-08-27,Central,Consumer,Technology,Phones,7,298.25,0.0,2087.72,530.16
ORD-00440,2024-02-13,East,Home Office,Office Supplies,Art,5,27.53,0.05,137.65,20.77
ORD-00441,2024-04-27,West,Consumer,Furniture,Tables,1,405.82,0.05,405.82,25.12
ORD-00442,2024-12-17,Central,Home Office,Technology,Phones,3,386.22,0.1,1158.67,161.5
ORD-00443,2025-04-13,South,Home Office,Technology,Accessories,2,68.81,0.0,137.61,33.05
ORD-00444,2025-12-13,West,Consumer,Furniture,Bookcases,7,167.61,0.0,1173.25,228.96
ORD-00445,2025-06-19,South,Home Office,Technology,Phones,7,584.32,0.1,4090.24,543.5
ORD-00446,2025-09-03,East,Consumer,Furniture,Tables,7,224.4,0.1,1570.83,187.32
ORD-00447,2024-04-14,West,Home Office,Office Supplies,Paper,3,26.34,0.2,79.03,3.11
ORD-00448,2025-11-20,South,Home Office,Technology,Machines,1,796.94,0.15,796.94,96.5
ORD-00449,2025-08-08,West,Consumer,Office Supplies,Storage,5,59.97,0.3,299.86,-7.59
ORD-00450,2025-12-06,Central,Consumer,Technology,Phones,7,456.94,0.1,3198.59,387.01
ORD-00451,2025-08-21,East,Corporate,Office Supplies,Paper,5,16.51,0.1,82.55,11.71
ORD-00452,2025-06-06,West,Corporate,Office Supplies,Storage,2,86.57,0.2,173.15,1.91
ORD-00453,2025-04-13,East,Home Office,Office Supplies,Paper,7,15.61,0.0,109.24,13.43
ORD-00454,2024-08-19,South,Consumer,Technology,Machines,6,627.89,0.0,3767.34,773.83
ORD-00455,2024-04-29,Central,Corporate,Furniture,Chairs,3,252.04,0.1,756.11,36.95
ORD-00456,2025-12-03,Central,Corporate,Technology,Accessories,7,95.92,0.15,671.47,79.76
ORD-00457,2025-04-11,Central,Consumer,Office Supplies,Binders,4,26.27,0.3,105.1,-6.92
ORD-00458,2024-04-14,West,Corporate,Office Supplies,Paper,3,17.6,0.1,52.81,6.27
ORD-00459,2024-09-04,West,Corporate,Furniture,Bookcases,6,199.61,0.05,1197.63,156.93
ORD-00460,2025-03-25,West,Corporate,Technology,Accessories,3,70.75,0.1,212.25,49.32
ORD-00461,2025-11-24,East,Consumer,Office Supplies,Paper,3,22.88,0.0,68.63,13.64
ORD-00462,2025-09-29,West,Corporate,Furniture,Tables,1,481.8,0.1,481.8,56.98
ORD-00463,2025-03-16,East,Consumer,Office Supplies,Binders,3,24.3,0.0,72.89,14.4
ORD-00464,2024-10-02,East,Corporate,Office Supplies,Art,1,20.9,0.15,20.9,2.67
ORD-00465,2025-03-28,Central,Corporate,Technology,Accessories,2,118.33,0.0,236.66,58.93
ORD-00466,2024-07-28,Central,Corporate,Technology,Phones,6,637.41,0.0,3824.47,870.26
ORD-00467,2024-09-01,West,Corporate,Office Supplies,Storage,2,119.0,0.05,238.0,38.33
ORD-00468,2025-07-23,East,Corporate,Office Supplies,Storage,5,116.85,0.2,584.27,-9.8
ORD-00469,2025-11-19,South,Home Office,Office Supplies,Art,4,26.15,0.1,104.61,14.91
ORD-00470,2024-12-24,South,Corporate,Office Supplies,Paper,1,16.76,0.1,16.76,0.91
ORD-00471,2024-09-13,South,Consumer,Technology,Phones,3,407.07,0.05,1221.21,251.71
ORD-00472,2024-04-08,South,Home Office,Technology,Machines,4,770.06,0.2,3080.23,407.07
ORD-00473,2025-10-02,South,Consumer,Furniture,Chairs,7,301.43,0.2,2109.99,-90.63
ORD-00474,2025-06-05,South,Consumer,Furniture,Tables,4,228.72,0.0,914.86,200.86
ORD-00475,2024-12-28,South,Consumer,Furniture,Bookcases,6,186.94,0.1,1121.64,40.88
ORD-00476,2025-03-25,South,Home Office,Furniture,Tables,2,494.73,0.0,989.46,172.05
ORD-00477,2025-02-23,South,Home Office,Office Supplies,Art,3,29.25,0.2,87.75,7.84
ORD-00478,2024-01-04,West,Home Office,Office Supplies,Paper,5,14.7,0.3,73.5,-1.36
ORD-00479,2025-06-27,East,Corporate,Furniture,Chairs,1,279.91,0.05,279.91,9.94
ORD-00480,2025-07-10,Central,Consumer,Technology,Accessories,2,111.39,0.05,222.78,44.48
ORD-00481,2024-12-24,South,Corporate,Technology,Accessories,4,81.33,0.0,325.3,59.67
ORD-00482,2024-08-08,East,Corporate,Furniture,Tables,5,329.59,0.05,1647.96,61.82
ORD-00483,2024-12-31,East,Corporate,Technology,Machines,1,539.71,0.15,539.71,50.48
ORD-00484,2025-03-01,South,Home Office,Office Supplies,Storage,6,99.42,0.1,596.52,65.36
ORD-00485,2024-06-23,Central,Corporate,Furniture,Chairs,6,217.95,0.1,1307.68,39.86
ORD-00486,2024-02-14,South,Home Office,Furniture,Chairs,7,275.19,0.2,1926.3,27.1
ORD-00487,2024-01-24,East,Consumer,Furniture,Bookcases,7,217.77,0.1,1524.37,130.49
ORD-00488,2025-06-17,East,Consumer,Furniture,Chairs,6,173.69,0.05,1042.13,101.11
ORD-00489,2024-05-04,Central,Consumer,Furniture,Chairs,4,335.81,0.0,1343.22,98.83
ORD-00490,2025-12-02,East,Corporate,Office Supplies,Storage,2,94.57,0.3,189.13,-4.84
ORD-00491,2025-01-08,South,Consumer,Furniture,Bookcases,7,147.85,0.05,1034.97,93.5
ORD-00492,2025-09-07,South,Consumer,Office Supplies,Paper,6,18.47,0.05,110.82,15.85
ORD-00493,2024-08-06,Central,Home Office,Office Supplies,Paper,2,23.69,0.0,47.37,9.8
ORD-00494,2024-02-11,East,Home Office,Technology,Accessories,4,114.28,0.1,457.12,42.48
ORD-00495,2024-05-07,South,Home Office,Furniture,Bookcases,2,231.62,0.15,463.24,-11.35
ORD-00496,2025-07-16,Central,Home Office,Technology,Accessories,4,80.52,0.0,322.07,52.55
ORD-00497,2024-02-28,South,Corporate,Technology,Accessories,4,78.16,0.2,312.64,35.45
ORD-00498,2025-02-17,Central,Consumer,Office Supplies,Binders,4,30.42,0.2,121.69,8.52
ORD-00499,2024-02-22,South,Home Office,Technology,Phones,5,470.88,0.1,2354.38,397.92
ORD-00500,2024-07-26,West,Home Office,Office Supplies,Art,2,23.4,0.2,46.8,3.03
ORD-00501,2024-09-15,Central,Corporate,Office Supplies,Binders,5,28.42,0.0,142.08,27.8
ORD-00502,2025-07-28,South,Home Office,Technology,Accessories,1,88.29,0.05,88.29,11.64
ORD-00503,2025-05-16,Central,Home Office,Technology,Machines,5,520.61,0.05,2603.06,668.84
ORD-00504,2024-12-01,Central,Corporate,Technology,Phones,6,321.11,0.15,1926.65,195.2
ORD-00505,2024-09-14,Central,Corporate,Office Supplies,Storage,4,90.09,0.3,360.34,4.94
ORD-00506,2024-11-25,Central,Home Office,Technology,Phones,5,367.68,0.0,1838.4,488.43
ORD-00507,2024-05-14,West,Corporate,Office Supplies,Paper,7,17.34,0.2,121.38,0.39
ORD-00508,2024-11-20,East,Corporate,Technology,Phones,1,289.71,0.0,289.71,77.57
ORD-00509,2025-11-05,East,Home Office,Technology,Accessories,6,99.03,0.0,594.17,122.22
ORD-00510,2025-11-09,Central,Home Office,Office Supplies,Art,6,28.69,0.0,172.17,28.53
ORD-00511,2024-06-11,East,Corporate,Technology,Accessories,7,99.4,0.15,695.78,95.8
ORD-00512,2025-11-26,West,Home Office,Office Supplies,Binders,5,25.37,0.05,126.83,21.81
ORD-00513,2024-11-12,East,Home Office,Furniture,Chairs,4,292.82,0.0,1171.27,184.52
ORD-00514,2025-03-04,East,Corporate,Technology,Machines,1,663.51,0.05,663.51,126.41
ORD-00515,2025-08-17,East,Home Office,Furniture,Chairs,3,214.75,0.2,644.24,-18.08
ORD-00516,2024-05-25,West,Consumer,Furniture,Tables,6,332.11,0.05,1992.66,186.29
ORD-00517,2024-03-17,East,Consumer,Furniture,Bookcases,3,230.54,0.05,691.61,47.12
ORD-00518,2024-06-12,East,Consumer,Office Supplies,Art,1,33.11,0.05,33.11,5.37
ORD-00519,2024-03-27,West,Corporate,Office Supplies,Art,7,22.08,0.05,154.53,20.68
ORD-00520,2024-04-01,East,Corporate,Technology,Phones,2,305.22,0.1,610.43,110.7
ORD-00521,2024-06-10,West,Consumer,Furniture,Chairs,3,252.72,0.0,758.15,106.38
ORD-00522,2025-10-07,Central,Consumer,Technology,Accessories,7,120.99,0.1,846.92,205.2
ORD-00523,2025-12-12,West,Corporate,Furniture,Chairs,3,171.81,0.05,515.43,50.89
ORD-00524,2024-08-12,East,Home Office,Office Supplies,Art,2,30.32,0.05,60.63,8.89
ORD-00525,2024-02-12,South,Corporate,Furniture,Bookcases,3,162.22,0.15,486.66,3.71
ORD-00526,2024-04-21,East,Home Office,Furniture,Bookcases,5,230.8,0.0,1153.98,219.35
ORD-00527,2024-01-26,Central,Consumer,Office Supplies,Storage,2,127.93,0.0,255.85,49.74
ORD-00528,2025-03-16,East,Corporate,Office Supplies,Binders,1,18.95,0.1,18.95,1.66
ORD-00529,2025-05-24,Central,Home Office,Furniture,Chairs,4,244.69,0.1,978.76,65.83
ORD-00530,2025-07-28,Central,Consumer,Office Supplies,Binders,4,23.83,0.0,95.31,11.79
ORD-00531,2025-12-21,West,Home Office,Technology,Accessories,6,74.95,0.0,449.73,109.68
ORD-00532,2024-04-01,South,Consumer,Furniture,Tables,3,442.9,0.3,1328.7,-113.03
ORD-00533,2025-07-20,West,Home Office,Technology,Phones,2,410.68,0.1,821.36,103.81
ORD-00534,2025-01-17,Central,Corporate,Technology,Accessories,1,72.6,0.3,72.6,-2.71
ORD-00535,2024-07-06,Central,Home Office,Technology,Accessories,7,100.12,0.0,700.84,126.69
ORD-00536,2024-07-05,South,Corporate,Technology,Accessories,4,77.35,0.0,309.41,83.54
ORD-00537,2025-08-21,Central,Consumer,Furniture,Tables,2,339.45,0.15,678.91,18.64
ORD-00538,2025-08-28,Central,Consumer,Office Supplies,Binders,2,39.98,0.1,79.96,14.32
ORD-00539,2024-02-14,Central,Home Office,Furniture,Tables,7,398.75,0.1,2791.25,118.47
ORD-00540,2024-04-12,South,Corporate,Office Supplies,Storage,3,111.74,0.1,335.21,22.71
ORD-00541,2024-06-02,South,Corporate,Technology,Accessories,6,107.03,0.15,642.19,58.48
ORD-00542,2024-07-23,Central,Consumer,Technology,Machines,6,853.29,0.15,5119.76,467.05
ORD-00543,2024-02-28,South,Corporate,Furniture,Chairs,6,205.8,0.2,1234.8,-2.53
ORD-00544,2025-01-20,Central,Consumer,Office Supplies,Binders,2,32.47,0.2,64.94,-0.06
ORD-00545,2024-06-20,East,Consumer,Furniture,Tables,3,169.65,0.05,508.96,34.03
ORD-00546,2024-10-29,Central,Corporate,Furniture,Chairs,1,228.92,0.2,228.92,-12.46
ORD-00547,2025-07-30,West,Consumer,Furniture,Tables,3,382.37,0.0,1147.1,217.2
ORD-00548,2025-06-07,South,Corporate,Office Supplies,Paper,5,17.87,0.0,89.36,16.81
ORD-00549,2025-11-05,South,Consumer,Technology,Machines,5,695.47,0.15,3477.37,244.95
ORD-00550,2024-08-17,East,Consumer,Furniture,Tables,5,329.0,0.0,1644.98,225.13
ORD-00551,2025-04-18,South,Consumer,Office Supplies,Storage,1,67.38,0.05,67.38,13.63
ORD-00552,2025-09-07,West,Consumer,Technology,Accessories,2,89.15,0.1,178.3,31.63
ORD-00553,2025-10-06,East,Consumer,Technology,Accessories,3,75.92,0.05,227.77,34.2
ORD-00554,2024-02-17,Central,Home Office,Office Supplies,Paper,4,16.68,0.3,66.71,-0.73
ORD-00555,2025-09-26,South,Home Office,Technology,Phones,1,404.21,0.1,404.21,77.65
ORD-00556,2024-06-23,South,Home Office,Technology,Machines,2,987.45,0.1,1974.89,277.0
ORD-00557,2024-08-18,West,Corporate,Furniture,Bookcases,7,163.63,0.1,1145.38,89.63
ORD-00558,2024-05-03,South,Consumer,Office Supplies,Storage,7,52.27,0.3,365.86,6.42
ORD-00559,2024-03-02,East,Consumer,Technology,Machines,3,651.89,0.3,1955.68,-83.19
ORD-00560,2025-05-30,Central,Corporate,Office Supplies,Art,6,23.47,0.1,140.84,10.14
ORD-00561,2024-05-16,South,Corporate,Furniture,Tables,1,391.63,0.0,391.63,43.38
ORD-00562,2024-01-04,South,Consumer,Office Supplies,Binders,4,27.27,0.0,109.07,18.84
ORD-00563,2024-07-18,West,Consumer,Office Supplies,Art,5,26.76,0.0,133.8,32.09
ORD-00564,2025-05-13,Central,Home Office,Technology,Accessories,2,68.1,0.0,136.21,29.18
ORD-00565,2024-11-07,South,Corporate,Technology,Accessories,2,72.44,0.0,144.87,39.3
ORD-00566,2025-02-20,West,Consumer,Office Supplies,Paper,6,18.68,0.15,112.05,8.7
ORD-00567,2024-05-06,South,Consumer,Furniture,Bookcases,4,154.67,0.15,618.66,21.51
ORD-00568,2024-02-19,West,Corporate,Office Supplies,Paper,5,23.02,0.0,115.1,21.83
ORD-00569,2024-09-15,West,Home Office,Furniture,Chairs,6,197.43,0.0,1184.55,175.35
ORD-00570,2025-07-25,South,Consumer,Technology,Phones,7,523.19,0.3,3662.35,-97.74
ORD-00571,2025-06-05,Central,Corporate,Technology,Phones,1,384.16,0.0,384.16,77.81
ORD-00572,2025-08-08,Central,Home Office,Technology,Phones,5,581.52,0.1,2907.6,655.56
ORD-00573,2025-05-09,West,Consumer,Furniture,Tables,3,445.31,0.05,1335.92,133.63
ORD-00574,2025-04-01,West,Consumer,Furniture,Bookcases,7,195.51,0.05,1368.56,101.34
ORD-00575,2024-02-28,Central,Consumer,Office Supplies,Art,7,28.12,0.0,196.81,42.55
ORD-00576,2025-03-19,South,Corporate,Technology,Accessories,1,69.59,0.1,69.59,11.6
ORD-00577,2025-02-09,West,Consumer,Technology,Machines,5,684.7,0.2,3423.49,268.76
ORD-00578,2025-08-16,West,Consumer,Office Supplies,Art,7,25.95,0.2,181.66,3.01
ORD-00579,2024-02-15,West,Home Office,Technology,Machines,2,489.14,0.05,978.27,224.81
ORD-00580,2025-12-12,Central,Consumer,Office Supplies,Paper,5,17.25,0.15,86.25,4.29
ORD-00581,2024-07-23,East,Consumer,Office Supplies,Storage,1,102.78,0.15,102.78,7.56
ORD-00582,2024-05-17,East,Corporate,Office Supplies,Binders,1,29.67,0.1,29.67,3.85
ORD-00583,2024-12-18,East,Corporate,Furniture,Chairs,2,349.31,0.1,698.63,9.78
ORD-00584,2024-01-12,Central,Consumer,Technology,Accessories,1,95.22,0.0,95.22,24.16
ORD-00585,2025-10-17,Central,Home Office,Office Supplies,Binders,7,24.18,0.0,169.28,25.12
ORD-00586,2024-08-04,West,Home Office,Furniture,Bookcases,3,230.82,0.2,692.47,11.9
ORD-00587,2025-02-07,East,Consumer,Furniture,Bookcases,3,216.21,0.0,648.64,68.4
ORD-00588,2025-08-14,West,Home Office,Technology,Accessories,3,95.56,0.0,286.69,52.21
ORD-00589,2024-02-22,East,Home Office,Technology,Machines,1,455.23,0.0,455.23,91.61
ORD-00590,2024-09-08,West,Corporate,Office Supplies,Paper,7,17.54,0.3,122.79,-9.89
ORD-00591,2025-06-02,Central,Consumer,Office Supplies,Binders,4,24.47,0.05,97.86,13.87
ORD-00592,2025-11-27,West,Consumer,Furniture,Chairs,1,203.41,0.0,203.41,30.76
ORD-00593,2024-05-19,Central,Consumer,Technology,Accessories,6,83.85,0.05,503.1,78.79
ORD-00594,2024-12-04,West,Corporate,Furniture,Tables,3,269.91,0.1,809.72,115.95
ORD-00595,2025-12-06,South,Consumer,Technology,Phones,3,285.51,0.05,856.53,172.53
ORD-00596,2024-12-12,East,Consumer,Office Supplies,Art,3,23.67,0.3,71.01,-5.71
ORD-00597,2024-02-15,West,Home Office,Office Supplies,Art,2,31.97,0.0,63.94,14.1
ORD-00598,2025-01-22,West,Home Office,Office Supplies,Art,4,29.79,0.0,119.18,26.44
ORD-00599,2024-03-15,West,Home Office,Office Supplies,Storage,1,100.42,0.0,100.42,20.78
ORD-00600,2024-04-13,West,Home Office,Office Supplies,Paper,6,12.65,0.15,75.93,6.38
ORD-00601,2025-01-04,West,Consumer,Office Supplies,Storage,5,115.19,0.0,575.96,116.33
ORD-00602,2024-11-24,South,Consumer,Technology,Machines,3,524.65,0.1,1573.95,249.88
ORD-00603,2025-01-15,East,Home Office,Office Supplies,Art,2,21.41,0.0,42.82,4.02
ORD-00604,2024-11-25,East,Corporate,Furniture,Bookcases,5,155.79,0.1,778.93,41.74
ORD-00605,2024-01-24,West,Consumer,Office Supplies,Storage,4,71.34,0.0,285.37,33.15
ORD-00606,2025-02-16,South,Consumer,Furniture,Chairs,4,304.39,0.1,1217.57,55.4
ORD-00607,2024-09-09,Central,Corporate,Technology,Accessories,2,59.59,0.0,119.18,25.72
ORD-00608,2024-08-28,Central,Consumer,Office Supplies,Binders,5,29.71,0.05,148.54,25.53
ORD-00609,2025-09-16,West,Corporate,Office Supplies,Storage,1,93.73,0.05,93.73,14.79
ORD-00610,2025-01-19,East,Home Office,Office Supplies,Art,4,28.96,0.0,115.84,34.53
ORD-00611,2025-02-10,West,Corporate,Office Supplies,Binders,4,21.78,0.1,87.14,8.48
ORD-00612,2024-04-14,Central,Consumer,Furniture,Tables,2,391.56,0.1,783.11,74.56
ORD-00613,2025-06-24,South,Corporate,Technology,Machines,7,760.67,0.0,5324.67,1166.31
ORD-00614,2025-09-13,West,Home Office,Office Supplies,Binders,1,33.61,0.1,33.61,4.55
ORD-00615,2025-08-16,Central,Home Office,Office Supplies,Storage,3,95.4,0.1,286.19,14.02
ORD-00616,2025-12-29,Central,Consumer,Office Supplies,Binders,1,26.27,0.0,26.27,5.44
ORD-00617,2025-03-28,South,Corporate,Furniture,Tables,1,443.88,0.2,443.88,7.71
ORD-00618,2024-07-18,Central,Consumer,Furniture,Chairs,5,232.42,0.0,1162.11,184.63
ORD-00619,2025-10-03,South,Home Office,Office Supplies,Storage,5,112.26,0.1,561.28,57.77
ORD-00620,2024-11-23,East,Consumer,Office Supplies,Art,2,30.65,0.1,61.3,4.86
ORD-00621,2024-01-06,Central,Home Office,Furniture,Tables,5,398.02,0.0,1990.08,312.44
ORD-00622,2024-03-15,East,Consumer,Furniture,Chairs,7,206.29,0.1,1444.06,100.17
ORD-00623,2025-08-22,Central,Consumer,Office Supplies,Art,1,20.92,0.0,20.92,3.53
ORD-00624,2025-04-08,West,Home Office,Office Supplies,Art,6,18.9,0.2,113.43,5.43
ORD-00625,2024-11-25,South,Consumer,Technology,Machines,4,639.49,0.0,2557.97,586.24
ORD-00626,2024-02-21,South,Corporate,Office Supplies,Paper,5,15.98,0.0,79.89,10.35
ORD-00627,2024-11-22,Central,Home Office,Furniture,Bookcases,6,215.13,0.1,1290.75,72.14
ORD-00628,2024-11-09,East,Home Office,Office Supplies,Storage,7,103.34,0.1,723.37,65.13
ORD-00629,2025-09-03,Central,Consumer,Technology,Phones,7,520.26,0.15,3641.8,381.17
ORD-00630,2025-07-31,East,Consumer,Office Supplies,Paper,2,17.84,0.2,35.68,-1.1
ORD-00631,2025-08-18,Central,Home Office,Furniture,Bookcases,2,192.74,0.05,385.48,52.25
ORD-00632,2025-12-09,West,Corporate,Furniture,Tables,4,380.67,0.1,1522.67,155.69
ORD-00633,2024-12-28,South,Corporate,Office Supplies,Paper,4,19.51,0.0,78.03,19.95
ORD-00634,2024-03-31,South,Corporate,Office Supplies,Paper,7,23.56,0.2,164.9,7.21
ORD-00635,2024-05-05,Central,Home Office,Office Supplies,Storage,1,97.09,0.1,97.09,17.71
ORD-00636,2025-03-10,South,Consumer,Technology,Accessories,3,86.2,0.05,258.59,59.79
ORD-00637,2025-09-03,East,Consumer,Furniture,Chairs,7,193.95,0.0,1357.62,114.93
ORD-00638,2025-04-03,South,Consumer,Technology,Accessories,5,98.49,0.0,492.43,98.68
ORD-00639,2024-08-09,South,Consumer,Technology,Machines,3,760.43,0.2,2281.28,69.71
ORD-00640,2025-04-21,West,Home Office,Furniture,Chairs,4,243.79,0.3,975.15,-36.39
ORD-00641,2025-09-22,Central,Consumer,Furniture,Tables,5,250.81,0.1,1254.06,129.6
ORD-00642,2025-11-16,Central,Home Office,Office Supplies,Paper,4,20.42,0.1,81.67,8.76
ORD-00643,2025-01-02,South,Home Office,Office Supplies,Binders,1,33.48,0.3,33.48,0.36
ORD-00644,2024-01-12,South,Consumer,Office Supplies,Storage,4,110.32,0.0,441.27,85.22
ORD-00645,2024-08-12,East,Corporate,Technology,Machines,7,609.67,0.05,4267.7,1036.75
ORD-00646,2025-06-15,Central,Corporate,Technology,Machines,6,804.34,0.15,4826.05,667.51
ORD-00647,2025-06-11,South,Home Office,Furniture,Bookcases,3,140.24,0.05,420.71,67.39
ORD-00648,2024-10-10,East,Consumer,Office Supplies,Paper,3,20.16,0.0,60.49,12.57
ORD-00649,2024-02-02,South,Consumer,Technology,Machines,4,701.02,0.05,2804.06,583.6
ORD-00650,2024-01-04,Central,Consumer,Technology,Accessories,4,97.28,0.2,389.13,31.68
ORD-00651,2024-06-28,West,Corporate,Technology,Machines,5,874.25,0.1,4371.27,475.05
ORD-00652,2024-01-12,East,Consumer,Office Supplies,Binders,7,37.62,0.1,263.32,42.33
ORD-00653,2024-08-22,South,Consumer,Office Supplies,Storage,2,114.59,0.0,229.19,50.47
ORD-00654,2024-10-21,South,Corporate,Office Supplies,Storage,5,102.36,0.2,511.78,27.72
ORD-00655,2024-05-18,West,Corporate,Technology,Accessories,2,104.62,0.1,209.23,36.59
ORD-00656,2024-08-10,Central,Corporate,Furniture,Bookcases,1,233.21,0.0,233.21,40.21
ORD-00657,2024-07-20,West,Home Office,Office Supplies,Binders,5,31.58,0.0,157.9,33.97
ORD-00658,2024-07-22,South,Consumer,Office Supplies,Paper,3,17.33,0.0,51.98,12.93
ORD-00659,2024-06-02,East,Corporate,Office Supplies,Art,7,28.49,0.0,199.45,43.38
ORD-00660,2025-10-10,South,Home Office,Technology,Accessories,3,84.16,0.0,252.48,41.3
ORD-00661,2025-10-11,Central,Corporate,Furniture,Tables,2,268.18,0.05,536.36,93.55
ORD-00662,2025-12-08,Central,Consumer,Technology,Accessories,3,90.78,0.05,272.34,42.67
ORD-00663,2024-09-09,South,Consumer,Technology,Phones,7,445.09,0.0,3115.63,912.99
ORD-00664,2025-10-02,Central,Corporate,Technology,Machines,1,1006.46,0.0,1006.46,211.37
ORD-00665,2024-05-14,West,Corporate,Technology,Phones,6,689.36,0.3,4136.18,231.77
ORD-00666,2025-05-15,West,Home Office,Furniture,Chairs,1,140.25,0.0,140.25,23.5
ORD-00667,2024-11-05,East,Corporate,Office Supplies,Art,2,20.94,0.0,41.88,5.24
ORD-00668,2025-12-21,West,Home Office,Furniture,Bookcases,5,160.68,0.0,803.42,105.01
ORD-00669,2024-11-16,Central,Corporate,Office Supplies,Storage,7,116.99,0.15,818.92,121.42
ORD-00670,2025-10-10,South,Home Office,Office Supplies,Paper,6,22.86,0.15,137.15,14.12
ORD-00671,2024-12-12,Central,Home Office,Furniture,Bookcases,2,182.83,0.2,365.67,-7.03
ORD-00672,2025-07-22,West,Home Office,Office Supplies,Storage,6,66.87,0.0,401.2,99.6
ORD-00673,2025-11-14,South,Home Office,Furniture,Bookcases,2,128.25,0.1,256.5,13.14
ORD-00674,2024-06-09,Central,Consumer,Office Supplies,Art,2,31.55,0.15,63.1,6.77
ORD-00675,2024-05-17,South,Consumer,Furniture,Tables,1,360.53,0.0,360.53,39.03
ORD-00676,2025-09-20,Central,Corporate,Technology,Machines,7,707.55,0.0,4952.84,1193.71
ORD-00677,2024-11-25,South,Consumer,Office Supplies,Paper,2,13.64,0.0,27.28,5.31
ORD-00678,2024-01-10,East,Consumer,Technology,Machines,7,731.11,0.3,5117.74,-218.2
ORD-00679,2024-06-30,West,Consumer,Furniture,Chairs,6,186.75,0.1,1120.51,48.0
ORD-00680,2024-08-01,Central,Home Office,Office Supplies,Binders,5,25.24,0.3,126.19,-3.23
ORD-00681,2025-08-01,East,Consumer,Furniture,Tables,3,492.87,0.0,1478.62,202.58
ORD-00682,2025-04-27,East,Corporate,Office Supplies,Art,1,30.77,0.2,30.77,0.48
ORD-00683,2025-11-08,South,Consumer,Office Supplies,Binders,2,27.69,0.0,55.38,9.09
ORD-00684,2025-05-16,West,Corporate,Technology,Machines,3,616.81,0.0,1850.42,464.26
ORD-00685,2025-04-18,South,Consumer,Furniture,Bookcases,4,217.93,0.0,871.72,124.5
ORD-00686,2024-02-26,East,Corporate,Technology,Machines,3,759.99,0.0,2279.96,560.72
ORD-00687,2025-04-04,South,Home Office,Office Supplies,Paper,5,21.7,0.1,108.52,12.1
ORD-00688,2024-06-10,West,Consumer,Furniture,Bookcases,1,216.43,0.05,216.43,24.06
ORD-00689,2025-05-15,South,Corporate,Technology,Accessories,6,77.99,0.1,467.95,65.22
ORD-00690,2025-02-04,South,Home Office,Technology,Phones,6,383.38,0.0,2300.26,401.25
ORD-00691,2025-03-31,East,Consumer,Office Supplies,Binders,5,45.25,0.05,226.23,21.3
ORD-00692,2024-02-27,East,Consumer,Technology,Machines,4,835.81,0.0,3343.23,695.01
ORD-00693,2025-05-13,Central,Corporate,Furniture,Chairs,7,195.96,0.1,1371.71,82.21
ORD-00694,2025-04-10,Central,Consumer,Office Supplies,Paper,5,10.92,0.0,54.62,11.83
ORD-00695,2024-09-24,East,Consumer,Office Supplies,Art,6,30.18,0.0,181.06,37.23
ORD-00696,2025-05-05,South,Home Office,Furniture,Tables,5,343.26,0.05,1716.3,201.17
ORD-00697,2024-09-07,South,Consumer,Technology,Phones,2,360.26,0.1,720.53,109.89
ORD-00698,2025-05-03,South,Consumer,Office Supplies,Binders,4,16.59,0.0,66.36,15.75
ORD-00699,2025-12-30,East,Home Office,Furniture,Bookcases,5,191.78,0.3,958.91,-98.05
ORD-00700,2024-09-17,East,Home Office,Furniture,Tables,6,348.67,0.15,2092.01,-50.63
ORD-00701,2024-01-29,South,Corporate,Technology,Machines,5,499.07,0.2,2495.36,195.27
ORD-00702,2025-09-07,South,Corporate,Technology,Accessories,5,80.87,0.1,404.37,76.59
ORD-00703,2024-08-15,East,Home Office,Office Supplies,Paper,1,17.61,0.0,17.61,3.51
ORD-00704,2025-07-07,West,Home Office,Office Supplies,Storage,5,89.87,0.05,449.35,61.86
ORD-00705,2025-10-05,Central,Home Office,Furniture,Tables,4,510.45,0.1,2041.78,201.23
ORD-00706,2024-07-25,South,Corporate,Office Supplies,Storage,3,90.6,0.0,271.79,49.21
ORD-00707,2025-04-27,East,Consumer,Furniture,Chairs,6,165.54,0.2,993.24,64.58
ORD-00708,2024-02-17,West,Consumer,Office Supplies,Art,2,31.56,0.1,63.11,8.53
ORD-00709,2025-10-26,Central,Corporate,Technology,Phones,5,313.11,0.1,1565.54,258.88
ORD-00710,2024-02-20,South,Consumer,Furniture,Tables,2,184.86,0.1,369.73,59.48
ORD-00711,2024-02-23,West,Consumer,Furniture,Chairs,7,184.09,0.1,1288.61,68.05
ORD-00712,2024-08-23,West,Corporate,Office Supplies,Storage,2,70.98,0.2,141.97,3.65
ORD-00713,2025-12-01,South,Consumer,Furniture,Chairs,5,162.71,0.0,813.53,65.04
ORD-00714,2024-04-06,Central,Consumer,Office Supplies,Art,7,32.79,0.05,229.51,39.52
ORD-00715,2025-05-22,East,Consumer,Technology,Accessories,7,62.34,0.0,436.36,106.5
ORD-00716,2024-02-20,Central,Consumer,Furniture,Tables,2,271.17,0.0,542.34,66.65
ORD-00717,2024-02-25,West,Home Office,Furniture,Bookcases,5,158.41,0.0,792.07,83.69
ORD-00718,2024-09-28,West,Corporate,Office Supplies,Binders,1,23.53,0.1,23.53,1.54
ORD-00719,2024-02-22,West,Home Office,Technology,Machines,4,421.41,0.3,1685.66,114.09
ORD-00720,2025-01-31,West,Consumer,Office Supplies,Art,3,27.39,0.0,82.17,11.23
ORD-00721,2024-03-10,East,Consumer,Office Supplies,Binders,6,18.18,0.0,109.05,16.75
ORD-00722,2025-11-20,West,Corporate,Furniture,Chairs,6,337.25,0.1,2023.48,38.01
ORD-00723,2024-04-21,West,Consumer,Office Supplies,Paper,3,15.42,0.0,46.26,9.43
ORD-00724,2025-02-05,South,Corporate,Office Supplies,Art,1,18.18,0.1,18.18,2.1
ORD-00725,2024-03-05,Central,Corporate,Office Supplies,Art,3,16.43,0.0,49.28,7.54
ORD-00726,2025-06-18,Central,Corporate,Office Supplies,Art,6,29.8,0.1,178.82,21.87
ORD-00727,2025-10-22,Central,Home Office,Office Supplies,Binders,3,37.12,0.1,111.36,11.62
ORD-00728,2024-02-15,West,Home Office,Technology,Accessories,3,98.15,0.15,294.44,34.08
ORD-00729,2024-11-18,South,Corporate,Office Supplies,Storage,4,94.16,0.2,376.65,46.49
ORD-00730,2025-04-27,West,Home Office,Technology,Machines,2,653.71,0.15,1307.43,118.85
ORD-00731,2025-02-03,East,Consumer,Technology,Accessories,4,109.49,0.15,437.95,59.38
ORD-00732,2024-03-27,South,Consumer,Office Supplies,Art,3,19.75,0.3,59.26,-4.24
ORD-00733,2025-03-03,West,Home Office,Furniture,Tables,2,398.34,0.0,796.68,158.96
ORD-00734,2025-10-06,South,Consumer,Office Supplies,Art,2,25.65,0.1,51.3,7.24
ORD-00735,2024-01-22,East,Home Office,Technology,Phones,6,414.6,0.1,2487.63,315.41
ORD-00736,2024-05-02,East,Corporate,Furniture,Tables,3,416.78,0.15,1250.33,-5.35
ORD-00737,2025-11-04,Central,Corporate,Office Supplies,Storage,3,80.57,0.0,241.72,40.18
ORD-00738,2025-06-28,West,Consumer,Technology,Accessories,6,72.85,0.0,437.11,104.41
ORD-00739,2025-03-07,Central,Corporate,Technology,Machines,2,854.46,0.2,1708.92,117.69
ORD-00740,2024-11-16,South,Home Office,Office Supplies,Binders,4,35.18,0.2,140.74,6.89
ORD-00741,2025-06-15,South,Home Office,Technology,Phones,5,438.81,0.0,2194.05,578.93
ORD-00742,2025-03-21,East,Home Office,Office Supplies,Paper,4,18.77,0.0,75.09,10.7
ORD-00743,2024-08-20,East,Corporate,Office Supplies,Art,4,20.6,0.15,82.4,5.9
ORD-00744,2024-11-04,Central,Home Office,Furniture,Chairs,7,197.66,0.1,1383.6,118.75
ORD-00745,2025-10-25,Central,Consumer,Furniture,Bookcases,5,189.26,0.05,946.32,91.24
ORD-00746,2024-09-08,West,Home Office,Furniture,Bookcases,1,188.69,0.2,188.69,-8.24
ORD-00747,2024-10-12,Central,Corporate,Office Supplies,Binders,1,26.91,0.05,26.91,4.94
ORD-00748,2024-02-13,South,Consumer,Technology,Machines,1,572.55,0.05,572.55,117.75
ORD-00749,2025-01-27,East,Corporate,Furniture,Tables,3,439.65,0.1,1318.94,81.19
ORD-00750,2024-01-27,Central,Consumer,Office Supplies,Art,1,20.56,0.0,20.56,4.04
ORD-00751,2025-09-19,East,Home Office,Furniture,Bookcases,3,186.07,0.0,558.21,73.86
ORD-00752,2024-10-18,East,Home Office,Furniture,Tables,4,498.37,0.3,1993.48,-226.98
ORD-00753,2024-08-03,South,Home Office,Technology,Machines,5,577.07,0.1,2885.37,534.14
ORD-00754,2025-05-10,East,Corporate,Office Supplies,Binders,7,34.32,0.0,240.25,38.77
ORD-00755,2025-11-01,South,Home Office,Furniture,Tables,7,570.32,0.0,3992.23,451.97
ORD-00756,2024-06-21,South,Consumer,Furniture,Tables,1,232.48,0.1,232.48,21.76
ORD-00757,2025-01-13,West,Home Office,Office Supplies,Art,7,24.9,0.0,174.32,44.41
ORD-00758,2024-02-21,South,Home Office,Technology,Machines,6,304.14,0.1,1824.83,376.66
ORD-00759,2024-05-18,West,Consumer,Technology,Machines,5,558.08,0.0,2790.41,562.82
ORD-00760,2024-02-18,West,Home Office,Furniture,Chairs,4,267.17,0.1,1068.69,42.03
ORD-00761,2024-02-21,South,Home Office,Furniture,Chairs,2,237.26,0.0,474.53,64.97
ORD-00762,2024-12-30,South,Consumer,Furniture,Chairs,2,209.65,0.2,419.3,10.73
ORD-00763,2025-02-10,East,Corporate,Office Supplies,Art,3,18.44,0.0,55.32,13.19
ORD-00764,2025-05-31,Central,Corporate,Office Supplies,Paper,1,19.21,0.05,19.21,5.25
ORD-00765,2025-07-25,South,Corporate,Office Supplies,Binders,7,16.66,0.1,116.61,21.55
ORD-00766,2024-11-30,East,Corporate,Technology,Machines,6,593.38,0.0,3560.3,865.73
ORD-00767,2024-04-19,West,Home Office,Technology,Machines,2,701.65,0.15,1403.3,216.58
ORD-00768,2025-02-13,Central,Home Office,Technology,Phones,4,318.53,0.0,1274.14,233.05
ORD-00769,2024-07-25,South,Corporate,Furniture,Tables,4,294.37,0.1,1177.49,97.29
ORD-00770,2025-02-09,West,Home Office,Office Supplies,Storage,6,96.54,0.3,579.24,-38.17
ORD-00771,2025-09-21,West,Home Office,Office Supplies,Paper,1,19.62,0.05,19.62,1.55
ORD-00772,2025-03-04,South,Consumer,Technology,Machines,5,661.33,0.05,3306.64,909.17
ORD-00773,2025-10-16,West,Home Office,Technology,Phones,7,413.61,0.0,2895.26,880.91
ORD-00774,2024-05-23,Central,Home Office,Office Supplies,Binders,1,31.55,0.0,31.55,7.41
ORD-00775,2024-10-21,East,Home Office,Furniture,Tables,2,209.38,0.1,418.77,15.36
ORD-00776,2024-07-01,West,Consumer,Furniture,Tables,5,557.24,0.05,2786.19,260.49
ORD-00777,2025-02-08,East,Home Office,Furniture,Chairs,2,203.37,0.1,406.75,30.72
ORD-00778,2024-06-18,South,Home Office,Office Supplies,Paper,2,17.52,0.1,35.05,5.51
ORD-00779,2025-09-15,East,Home Office,Technology,Phones,6,610.67,0.1,3664.05,987.41
ORD-00780,2025-08-19,East,Home Office,Technology,Phones,2,491.46,0.0,982.92,293.16
ORD-00781,2025-11-02,West,Consumer,Technology,Machines,7,750.76,0.0,5255.35,1467.67
ORD-00782,2025-05-10,Central,Home Office,Office Supplies,Storage,1,99.27,0.0,99.27,18.59
ORD-00783,2024-04-03,West,Corporate,Office Supplies,Storage,1,71.57,0.0,71.57,10.97
ORD-00784,2025-12-25,Central,Consumer,Office Supplies,Art,6,23.86,0.1,143.15,18.97
ORD-00785,2024-02-19,Central,Home Office,Office Supplies,Art,5,21.71,0.2,108.56,-2.64
ORD-00786,2025-01-11,South,Corporate,Office Supplies,Art,3,14.83,0.15,44.48,5.8
ORD-00787,2025-04-26,South,Corporate,Office Supplies,Art,7,21.54,0.05,150.75,19.45
ORD-00788,2025-06-06,West,Consumer,Technology,Accessories,4,91.41,0.0,365.63,81.74
ORD-00789,2025-03-07,West,Consumer,Office Supplies,Art,2,33.74,0.0,67.47,11.91
ORD-00790,2025-11-30,West,Home Office,Technology,Phones,4,412.55,0.0,1650.2,460.89
ORD-00791,2025-10-30,East,Corporate,Furniture,Bookcases,4,172.85,0.15,691.39,1.73
ORD-00792,2024-03-30,Central,Corporate,Technology,Machines,6,709.18,0.1,4255.08,425.15
ORD-00793,2024-05-11,South,Home Office,Office Supplies,Binders,4,30.78,0.15,123.11,6.7
ORD-00794,2025-01-06,Central,Home Office,Office Supplies,Paper,1,16.24,0.05,16.24,2.07
ORD-00795,2024-10-01,South,Home Office,Furniture,Tables,3,401.7,0.05,1205.11,137.71
ORD-00796,2024-06-14,South,Consumer,Office Supplies,Paper,2,18.15,0.15,36.3,3.28
ORD-00797,2024-01-02,Central,Consumer,Technology,Machines,5,737.67,0.0,3688.33,725.98
ORD-00798,2024-09-15,West,Consumer,Technology,Machines,5,664.32,0.0,3321.6,777.51
ORD-00799,2024-01-22,East,Home Office,Technology,Machines,7,717.5,0.15,5022.48,278.79
ORD-00800,2024-01-05,East,Consumer,Furniture,Bookcases,4,253.89,0.0,1015.58,162.7
ORD-00801,2024-01-30,East,Home Office,Furniture,Tables,2,382.43,0.2,764.86,-62.22
ORD-00802,2025-05-14,West,Home Office,Furniture,Tables,3,339.47,0.1,1018.41,78.97
ORD-00803,2025-12-11,Central,Home Office,Furniture,Bookcases,5,211.7,0.1,1058.49,26.28
ORD-00804,2025-05-05,Central,Corporate,Technology,Accessories,5,65.79,0.15,328.95,48.37
ORD-00805,2024-08-26,South,Corporate,Furniture,Chairs,2,237.06,0.0,474.12,60.24
ORD-00806,2025-12-30,West,Corporate,Office Supplies,Binders,7,33.97,0.2,237.77,8.02
ORD-00807,2024-01-30,East,Corporate,Technology,Phones,7,391.6,0.1,2741.21,594.85
ORD-00808,2024-11-05,Central,Consumer,Office Supplies,Storage,7,63.36,0.1,443.54,43.67
ORD-00809,2025-09-23,East,Home Office,Furniture,Chairs,5,242.98,0.0,1214.91,200.8
ORD-00810,2025-12-29,West,Consumer,Furniture,Bookcases,4,215.54,0.3,862.16,-25.09
ORD-00811,2024-09-18,East,Corporate,Technology,Phones,7,358.61,0.2,2510.25,222.81
ORD-00812,2025-05-06,East,Corporate,Technology,Phones,4,349.61,0.05,1398.43,266.82
ORD-00813,2024-10-27,West,Home Office,Office Supplies,Paper,7,17.67,0.0,123.72,21.2
ORD-00814,2025-09-19,Central,Corporate,Furniture,Bookcases,7,119.04,0.0,833.28,112.72
ORD-00815,2024-08-05,South,Home Office,Office Supplies,Storage,5,76.88,0.0,384.41,77.23
ORD-00816,2025-11-07,South,Home Office,Office Supplies,Paper,6,22.58,0.1,135.47,8.84
ORD-00817,2024-06-20,Central,Home Office,Office Supplies,Storage,7,98.57,0.0,689.97,126.54
ORD-00818,2025-01-01,West,Corporate,Furniture,Tables,4,241.61,0.1,966.44,75.6
ORD-00819,2024-02-05,West,Corporate,Office Supplies,Art,2,28.32,0.05,56.64,6.73
ORD-00820,2025-05-29,West,Consumer,Technology,Machines,7,644.69,0.15,4512.8,546.26
ORD-00821,2025-05-13,West,Home Office,Furniture,Tables,2,497.07,0.0,994.14,112.43
ORD-00822,2025-01-13,South,Consumer,Office Supplies,Paper,6,19.61,0.15,117.65,19.29
ORD-00823,2024-07-19,South,Consumer,Technology,Phones,7,471.0,0.1,3296.99,504.87
ORD-00824,2025-04-07,South,Consumer,Technology,Phones,4,547.63,0.0,2190.52,502.9
ORD-00825,2024-09-22,South,Home Office,Office Supplies,Paper,4,19.18,0.15,76.72,10.74
ORD-00826,2025-03-06,Central,Home Office,Furniture,Tables,1,422.85,0.15,422.85,3.98
ORD-00827,2025-05-05,South,Consumer,Office Supplies,Binders,4,27.74,0.2,110.97,5.33
ORD-00828,2025-09-13,East,Consumer,Office Supplies,Storage,2,130.4,0.15,260.8,24.12
ORD-00829,2025-12-14,East,Corporate,Technology,Accessories,7,71.25,0.0,498.75,120.36
ORD-00830,2024-09-04,Central,Consumer,Office Supplies,Binders,7,14.74,0.1,103.19,10.06
ORD-00831,2025-09-17,West,Corporate,Office Supplies,Art,7,28.21,0.3,197.46,4.16
ORD-00832,2024-02-23,Central,Consumer,Furniture,Chairs,5,175.61,0.0,878.07,114.87
ORD-00833,2025-02-05,East,Home Office,Furniture,Tables,4,387.63,0.0,1550.53,260.98
ORD-00834,2025-11-03,South,Consumer,Office Supplies,Binders,7,17.29,0.1,121.02,17.24
ORD-00835,2024-05-22,East,Corporate,Furniture,Tables,2,386.26,0.05,772.53,47.08
ORD-00836,2025-05-28,West,Consumer,Technology,Machines,5,549.31,0.0,2746.53,719.04
ORD-00837,2024-06-10,West,Corporate,Office Supplies,Art,4,23.96,0.05,95.84,11.55
ORD-00838,2025-02-21,South,Corporate,Technology,Machines,7,748.75,0.0,5241.25,1255.45
ORD-00839,2025-09-08,South,Home Office,Technology,Machines,4,653.03,0.0,2612.13,573.01
ORD-00840,2024-10-24,East,Home Office,Office Supplies,Storage,7,77.88,0.1,545.17,49.77
ORD-00841,2025-10-30,East,Corporate,Office Supplies,Storage,3,128.93,0.1,386.8,50.74
ORD-00842,2025-11-16,South,Consumer,Office Supplies,Storage,3,108.46,0.0,325.39,65.45
ORD-00843,2025-04-26,West,Home Office,Technology,Phones,5,145.77,0.0,728.85,184.02
ORD-00844,2025-06-07,South,Home Office,Office Supplies,Storage,7,104.32,0.15,730.24,98.56
ORD-00845,2024-09-10,East,Consumer,Furniture,Chairs,1,241.18,0.2,241.18,0.65
ORD-00846,2025-06-16,East,Home Office,Furniture,Tables,2,340.11,0.2,680.23,-15.21
ORD-00847,2024-10-19,East,Home Office,Furniture,Tables,2,355.32,0.15,710.64,32.13
ORD-00848,2025-07-11,Central,Corporate,Furniture,Tables,3,341.68,0.0,1025.03,198.96
ORD-00849,2024-05-02,East,Corporate,Furniture,Tables,1,410.39,0.0,410.39,69.93
ORD-00850,2024-11-17,West,Corporate,Office Supplies,Art,4,30.23,0.0,120.93,26.12
ORD-00851,2024-04-18,East,Home Office,Furniture,Chairs,3,214.4,0.0,643.2,66.23
ORD-00852,2025-07-14,South,Corporate,Technology,Phones,3,407.22,0.0,1221.66,366.11
ORD-00853,2024-08-19,South,Corporate,Technology,Accessories,3,116.02,0.0,348.06,67.84
ORD-00854,2025-07-05,Central,Consumer,Office Supplies,Paper,5,13.62,0.0,68.1,13.1
ORD-00855,2024-06-13,South,Corporate,Technology,Phones,4,396.56,0.0,1586.24,326.07
ORD-00856,2025-03-01,West,Corporate,Furniture,Tables,5,249.16,0.0,1245.78,123.05
ORD-00857,2024-09-22,East,Corporate,Technology,Phones,2,346.65,0.1,693.31,92.77
ORD-00858,2024-10-22,East,Home Office,Office Supplies,Art,1,28.65,0.1,28.65,3.25
ORD-00859,2025-01-05,East,Home Office,Office Supplies,Storage,2,98.55,0.1,197.11,16.15
ORD-00860,2025-02-04,West,Corporate,Technology,Machines,5,585.93,0.05,2929.64,555.36
ORD-00861,2024-01-05,West,Home Office,Office Supplies,Art,6,19.01,0.0,114.06,20.24
ORD-00862,2025-02-06,East,Home Office,Office Supplies,Binders,3,43.53,0.2,130.58,11.18
ORD-00863,2025-09-25,East,Home Office,Office Supplies,Art,2,10.48,0.1,20.96,2.82
ORD-00864,2025-07-04,South,Consumer,Technology,Phones,2,580.77,0.0,1161.54,299.63
ORD-00865,2024-12-15,South,Corporate,Furniture,Tables,5,388.44,0.05,1942.18,156.83
ORD-00866,2024-08-18,Central,Corporate,Technology,Phones,4,322.97,0.15,1291.87,142.98
ORD-00867,2024-11-14,Central,Corporate,Furniture,Tables,3,402.18,0.1,1206.54,73.31
ORD-00868,2025-04-26,South,Corporate,Office Supplies,Art,3,23.5,0.0,70.51,13.42
ORD-00869,2025-02-07,Central,Home Office,Office Supplies,Art,3,25.42,0.1,76.25,10.3
ORD-00870,2024-08-03,South,Home Office,Furniture,Tables,3,312.56,0.05,937.67,110.11
ORD-00871,2025-03-09,East,Home Office,Technology,Accessories,1,74.09,0.15,74.09,10.96
ORD-00872,2025-10-08,West,Home Office,Office Supplies,Storage,1,98.24,0.0,98.24,15.55
ORD-00873,2024-11-06,East,Corporate,Furniture,Tables,5,474.42,0.05,2372.12,155.33
ORD-00874,2024-03-27,East,Home Office,Technology,Accessories,5,82.08,0.15,410.41,80.43
ORD-00875,2025-08-11,West,Home Office,Technology,Phones,3,372.67,0.2,1118.0,121.26
ORD-00876,2025-03-23,East,Consumer,Office Supplies,Binders,1,27.31,0.1,27.31,3.07
ORD-00877,2025-07-19,Central,Consumer,Office Supplies,Art,7,17.5,0.0,122.53,15.78
ORD-00878,2025-11-01,West,Corporate,Furniture,Tables,5,422.24,0.0,2111.2,427.46
ORD-00879,2025-01-14,Central,Home Office,Office Supplies,Paper,3,14.09,0.1,42.27,5.13
ORD-00880,2025-03-12,Central,Home Office,Furniture,Chairs,2,297.75,0.1,595.5,46.38
ORD-00881,2025-09-09,West,Home Office,Technology,Accessories,6,114.94,0.05,689.62,68.78
ORD-00882,2024-12-10,West,Consumer,Technology,Machines,4,616.11,0.1,2464.42,308.67
ORD-00883,2025-01-04,South,Home Office,Office Supplies,Art,5,22.16,0.05,110.8,13.6
ORD-00884,2025-10-07,Central,Consumer,Technology,Accessories,7,55.89,0.1,391.23,60.8
ORD-00885,2025-05-13,West,Home Office,Technology,Machines,4,205.2,0.05,820.8,155.24
ORD-00886,2025-09-28,Central,Home Office,Office Supplies,Art,3,25.85,0.15,77.55,7.23
ORD-00887,2024-10-24,East,Corporate,Technology,Accessories,7,92.64,0.0,648.5,148.83
ORD-00888,2024-05-18,East,Consumer,Furniture,Tables,3,268.95,0.05,806.84,65.63
ORD-00889,2025-07-07,Central,Corporate,Furniture,Bookcases,7,173.84,0.0,1216.86,168.67
ORD-00890,2025-07-23,East,Home Office,Technology,Accessories,3,120.17,0.1,360.52,63.21
ORD-00891,2024-02-08,Central,Consumer,Furniture,Chairs,2,291.13,0.1,582.27,53.3
ORD-00892,2024-12-12,East,Home Office,Furniture,Bookcases,6,179.74,0.1,1078.42,-1.23
ORD-00893,2024-06-22,South,Corporate,Office Supplies,Binders,7,23.0,0.0,161.0,26.45
ORD-00894,2024-02-28,West,Corporate,Technology,Machines,3,821.66,0.0,2464.98,583.12
ORD-00895,2024-06-26,West,Corporate,Furniture,Bookcases,2,188.19,0.05,376.39,50.47
ORD-00896,2025-03-27,Central,Home Office,Technology,Phones,5,452.43,0.0,2262.15,504.37
ORD-00897,2025-02-28,East,Consumer,Office Supplies,Art,3,30.4,0.0,91.19,15.27
ORD-00898,2024-03-19,West,Consumer,Office Supplies,Art,7,15.57,0.0,109.01,23.25
ORD-00899,2024-08-30,Central,Corporate,Technology,Accessories,5,68.18,0.2,340.9,52.97
ORD-00900,2024-09-07,East,Consumer,Technology,Phones,6,467.85,0.05,2807.12,422.57
ORD-00901,2024-05-02,East,Corporate,Office Supplies,Art,7,27.05,0.1,189.38,14.49
ORD-00902,2024-07-09,Central,Home Office,Office Supplies,Binders,6,24.13,0.0,144.78,29.74
ORD-00903,2025-04-20,Central,Consumer,Office Supplies,Binders,6,26.94,0.0,161.65,33.88
ORD-00904,2025-12-07,South,Corporate,Technology,Machines,6,530.8,0.0,3184.77,722.43
ORD-00905,2025-03-14,East,Corporate,Furniture,Tables,7,342.74,0.15,2399.19,71.91
ORD-00906,2024-08-23,Central,Corporate,Office Supplies,Binders,5,40.97,0.05,204.87,36.87
ORD-00907,2024-01-19,West,Consumer,Furniture,Bookcases,1,157.59,0.0,157.59,24.03
ORD-00908,2024-06-21,South,Home Office,Office Supplies,Binders,2,28.63,0.0,57.26,10.78
ORD-00909,2024-06-24,West,Consumer,Technology,Accessories,2,100.48,0.05,200.96,29.44
ORD-00910,2025-03-13,South,Consumer,Office Supplies,Art,2,30.31,0.0,60.63,14.69
ORD-00911,2024-11-03,Central,Consumer,Office Supplies,Storage,4,131.19,0.15,524.75,33.58
ORD-00912,2025-05-28,Central,Consumer,Furniture,Bookcases,4,120.15,0.0,480.6,51.24
ORD-00913,2024-08-08,West,Consumer,Office Supplies,Art,4,20.0,0.1,80.01,14.49
ORD-00914,2024-10-09,West,Corporate,Furniture,Chairs,2,218.78,0.0,437.55,78.56
ORD-00915,2025-01-04,South,Consumer,Office Supplies,Art,5,29.93,0.05,149.65,23.24
ORD-00916,2025-10-29,East,Consumer,Furniture,Chairs,6,176.24,0.1,1057.45,91.92
ORD-00917,2025-11-12,East,Home Office,Office Supplies,Storage,1,97.63,0.05,97.63,11.1
ORD-00918,2025-08-19,West,Home Office,Technology,Machines,3,624.53,0.0,1873.59,495.78
ORD-00919,2025-02-09,Central,Consumer,Technology,Phones,1,464.67,0.15,464.67,72.92
ORD-00920,2025-08-20,West,Corporate,Furniture,Bookcases,3,198.19,0.1,594.56,78.2
ORD-00921,2024-04-30,East,Corporate,Office Supplies,Storage,6,100.76,0.15,604.56,64.36
ORD-00922,2025-07-01,West,Corporate,Office Supplies,Binders,6,24.53,0.0,147.16,30.17
ORD-00923,2025-07-13,West,Consumer,Office Supplies,Storage,7,96.04,0.1,672.28,71.24
ORD-00924,2024-07-08,West,Consumer,Furniture,Tables,4,415.82,0.0,1663.28,140.26
ORD-00925,2025-10-31,South,Consumer,Office Supplies,Paper,4,19.2,0.0,76.78,11.17
ORD-00926,2024-09-19,South,Consumer,Furniture,Tables,7,379.95,0.0,2659.63,333.32
ORD-00927,2025-09-07,Central,Consumer,Furniture,Chairs,5,262.76,0.0,1313.79,234.21
ORD-00928,2024-08-23,South,Consumer,Furniture,Chairs,6,199.37,0.05,1196.2,117.55
ORD-00929,2025-04-25,West,Corporate,Technology,Phones,2,565.02,0.0,1130.05,309.43
ORD-00930,2024-11-02,South,Home Office,Technology,Phones,3,304.35,0.05,913.04,151.12
ORD-00931,2025-11-16,West,Corporate,Furniture,Tables,4,311.09,0.1,1244.35,2.13
ORD-00932,2024-08-05,Central,Home Office,Furniture,Chairs,6,263.74,0.15,1582.46,43.35
ORD-00933,2024-02-04,West,Consumer,Office Supplies,Art,6,29.78,0.0,178.69,34.15
ORD-00934,2025-12-10,West,Home Office,Furniture,Bookcases,4,173.71,0.05,694.82,72.06
ORD-00935,2024-02-09,South,Consumer,Furniture,Chairs,1,209.44,0.1,209.44,16.24
ORD-00936,2025-06-27,West,Home Office,Furniture,Bookcases,5,161.7,0.0,808.51,99.66
ORD-00937,2025-12-12,East,Home Office,Technology,Accessories,5,108.17,0.15,540.83,71.41
ORD-00938,2025-05-21,Central,Consumer,Technology,Machines,2,551.97,0.05,1103.94,187.84
ORD-00939,2024-02-08,South,Home Office,Office Supplies,Art,3,30.89,0.0,92.67,15.23
ORD-00940,2024-04-13,West,Corporate,Technology,Machines,7,693.57,0.05,4854.97,706.85
ORD-00941,2024-01-28,East,Home Office,Office Supplies,Binders,3,34.63,0.0,103.88,16.29
ORD-00942,2024-11-13,West,Consumer,Technology,Phones,1,609.01,0.05,609.01,114.35
ORD-00943,2024-05-20,West,Consumer,Furniture,Chairs,1,201.61,0.2,201.61,2.28
ORD-00944,2025-07-09,Central,Corporate,Furniture,Tables,5,380.88,0.0,1904.42,376.37
ORD-00945,2025-02-16,West,Home Office,Office Supplies,Binders,2,23.64,0.0,47.28,9.27
ORD-00946,2025-09-21,Central,Home Office,Furniture,Tables,5,373.07,0.0,1865.35,357.89
ORD-00947,2024-12-15,West,Corporate,Technology,Phones,5,458.06,0.15,2290.29,270.07
ORD-00948,2025-12-28,South,Corporate,Office Supplies,Storage,5,83.72,0.05,418.62,69.9
ORD-00949,2025-03-03,West,Home Office,Furniture,Chairs,3,211.19,0.05,633.56,54.19
ORD-00950,2025-10-13,Central,Home Office,Furniture,Chairs,7,225.45,0.05,1578.18,119.75
ORD-00951,2025-08-25,South,Home Office,Furniture,Bookcases,6,186.52,0.15,1119.1,83.82
ORD-00952,2025-06-26,South,Home Office,Office Supplies,Paper,2,15.44,0.3,30.87,-1.75
ORD-00953,2024-10-03,West,Home Office,Technology,Accessories,7,115.22,0.15,806.57,69.22
ORD-00954,2025-01-02,East,Home Office,Furniture,Chairs,5,166.79,0.05,833.93,150.62
ORD-00955,2025-07-10,Central,Home Office,Office Supplies,Art,7,18.95,0.0,132.65,24.33
ORD-00956,2025-06-24,West,Consumer,Technology,Phones,4,277.66,0.15,1110.64,104.49
ORD-00957,2025-04-06,South,Corporate,Furniture,Chairs,1,238.65,0.0,238.65,35.32
ORD-00958,2025-12-27,West,Corporate,Furniture,Tables,2,442.93,0.1,885.86,25.19
ORD-00959,2024-01-30,South,Home Office,Furniture,Bookcases,1,213.83,0.0,213.83,36.95
ORD-00960,2025-09-13,South,Corporate,Office Supplies,Binders,7,24.3,0.0,170.13,33.83
ORD-00961,2025-11-03,East,Consumer,Technology,Machines,6,413.88,0.15,2483.29,164.05
ORD-00962,2024-11-22,Central,Corporate,Technology,Machines,2,458.96,0.15,917.93,131.64
ORD-00963,2025-08-28,East,Home Office,Technology,Machines,2,547.9,0.0,1095.8,297.92
ORD-00964,2025-09-11,West,Corporate,Furniture,Bookcases,3,228.69,0.15,686.08,51.38
ORD-00965,2024-05-28,South,Home Office,Office Supplies,Paper,4,18.19,0.1,72.77,9.3
ORD-00966,2024-08-03,East,Home Office,Office Supplies,Art,7,15.62,0.05,109.36,24.5
ORD-00967,2025-04-15,West,Corporate,Furniture,Tables,1,408.08,0.2,408.08,-6.73
ORD-00968,2024-06-22,Central,Consumer,Office Supplies,Art,3,28.16,0.15,84.49,9.67
ORD-00969,2025-12-28,West,Consumer,Furniture,Tables,6,468.16,0.1,2808.95,96.47
ORD-00970,2025-06-21,South,Home Office,Technology,Machines,6,894.46,0.15,5366.78,778.09
ORD-00971,2025-07-25,West,Consumer,Office Supplies,Art,7,16.15,0.15,113.02,10.83
ORD-00972,2024-10-21,South,Home Office,Technology,Accessories,4,94.94,0.1,379.76,57.47
ORD-00973,2024-12-04,East,Corporate,Technology,Phones,1,375.44,0.0,375.44,100.92
ORD-00974,2024-03-11,Central,Consumer,Office Supplies,Binders,1,23.93,0.0,23.93,4.65
ORD-00975,2025-02-07,Central,Corporate,Technology,Accessories,3,56.47,0.0,169.4,33.06
ORD-00976,2025-10-17,Central,Home Office,Office Supplies,Storage,2,102.93,0.0,205.86,33.6
ORD-00977,2024-12-08,West,Home Office,Technology,Machines,3,521.67,0.0,1565.01,492.92
ORD-00978,2025-12-30,West,Corporate,Furniture,Chairs,4,184.17,0.0,736.67,119.11
ORD-00979,2025-11-24,South,Consumer,Office Supplies,Art,3,29.22,0.1,87.65,14.72
ORD-00980,2025-08-15,Central,Home Office,Furniture,Tables,5,353.98,0.15,1769.92,92.85
ORD-00981,2024-05-29,South,Consumer,Furniture,Tables,1,365.18,0.0,365.18,64.83
ORD-00982,2024-01-02,East,Corporate,Office Supplies,Storage,6,54.63,0.0,327.79,70.25
ORD-00983,2025-01-27,East,Home Office,Office Supplies,Paper,5,18.09,0.1,90.43,16.8
ORD-00984,2025-11-29,East,Consumer,Technology,Accessories,7,95.45,0.0,668.15,163.0
ORD-00985,2024-02-16,Central,Consumer,Technology,Accessories,5,65.18,0.0,325.88,85.13
ORD-00986,2024-08-21,Central,Consumer,Technology,Phones,6,468.62,0.0,2811.72,658.63
ORD-00987,2025-04-06,West,Consumer,Furniture,Chairs,5,162.58,0.0,812.88,128.15
ORD-00988,2025-11-03,West,Consumer,Technology,Accessories,2,90.54,0.1,181.08,22.83
ORD-00989,2024-09-12,East,Home Office,Furniture,Chairs,7,217.21,0.2,1520.5,-22.33
ORD-00990,2025-04-02,South,Consumer,Technology,Accessories,3,120.97,0.0,362.92,87.18
ORD-00991,2024-08-24,South,Consumer,Office Supplies,Storage,4,95.11,0.3,380.45,-3.33
ORD-00992,2025-02-07,East,Corporate,Technology,Phones,2,388.22,0.1,776.44,144.73
ORD-00993,2025-09-30,East,Consumer,Furniture,Chairs,4,204.68,0.05,818.7,112.36
ORD-00994,2024-11-27,East,Consumer,Furniture,Bookcases,1,162.05,0.05,162.05,25.27
ORD-00995,2025-12-17,West,Corporate,Technology,Machines,5,516.92,0.0,2584.62,739.6
ORD-00996,2024-07-27,South,Home Office,Furniture,Tables,2,326.57,0.1,653.14,49.02
ORD-00997,2024-08-11,West,Corporate,Office Supplies,Art,1,27.09,0.15,27.09,0.43
ORD-00998,2025-08-17,East,Consumer,Office Supplies,Storage,4,110.29,0.15,441.15,34.27
ORD-00999,2025-03-18,East,Consumer,Technology,Machines,4,654.4,0.3,2617.59,59.4
ORD-01000,2024-11-13,Central,Corporate,Furniture,Bookcases,5,167.64,0.0,838.18,157.27
ORD-01001,2025-05-04,East,Corporate,Office Supplies,Paper,1,16.98,0.0,16.98,3.79
ORD-01002,2024-06-16,East,Home Office,Technology,Accessories,5,84.25,0.0,421.25,87.65
ORD-01003,2024-04-18,South,Home Office,Technology,Machines,2,977.11,0.0,1954.21,471.04
ORD-01004,2025-07-05,Central,Home Office,Office Supplies,Art,2,19.04,0.0,38.09,6.45
ORD-01005,2024-04-18,West,Consumer,Technology,Phones,6,449.43,0.2,2696.57,284.41
ORD-01006,2024-03-19,East,Home Office,Technology,Accessories,7,71.77,0.2,502.36,39.59
ORD-01007,2024-10-07,East,Consumer,Furniture,Bookcases,5,153.62,0.15,768.1,-6.56
ORD-01008,2024-02-20,Central,Home Office,Furniture,Bookcases,3,112.42,0.1,337.26,29.29
ORD-01009,2025-03-02,West,Consumer,Technology,Machines,5,497.97,0.1,2489.85,300.94
ORD-01010,2024-05-11,East,Home Office,Furniture,Tables,5,503.46,0.1,2517.31,245.09
ORD-01011,2025-10-26,Central,Corporate,Furniture,Tables,4,347.69,0.0,1390.76,143.05
ORD-01012,2024-08-02,South,Corporate,Furniture,Tables,5,454.13,0.15,2270.64,115.74
ORD-01013,2025-04-02,West,Home Office,Furniture,Tables,7,447.51,0.15,3132.54,295.42
ORD-01014,2025-04-06,South,Consumer,Technology,Phones,4,378.51,0.1,1514.04,109.91
ORD-01015,2025-03-19,Central,Consumer,Office Supplies,Storage,3,102.37,0.0,307.1,64.69
ORD-01016,2025-06-13,East,Home Office,Furniture,Tables,2,338.78,0.0,677.57,68.99
ORD-01017,2024-07-10,Central,Consumer,Furniture,Bookcases,1,168.54,0.1,168.54,11.96
ORD-01018,2025-04-05,South,Corporate,Office Supplies,Paper,6,18.05,0.1,108.29,17.4
ORD-01019,2024-02-29,East,Home Office,Office Supplies,Storage,7,86.57,0.2,606.0,54.48
ORD-01020,2024-05-17,South,Home Office,Furniture,Bookcases,3,218.36,0.0,655.07,73.23
ORD-01021,2024-04-07,Central,Consumer,Technology,Accessories,6,93.51,0.0,561.07,124.58
ORD-01022,2024-02-03,East,Corporate,Technology,Accessories,2,96.41,0.0,192.82,45.47
ORD-01023,2025-08-30,Central,Consumer,Office Supplies,Binders,7,14.39,0.05,100.71,11.09
ORD-01024,2025-03-31,East,Corporate,Furniture,Bookcases,7,215.18,0.1,1506.25,94.47
ORD-01025,2025-09-25,East,Home Office,Office Supplies,Storage,4,102.05,0.1,408.21,57.21
ORD-01026,2025-07-07,East,Corporate,Technology,Phones,1,387.35,0.15,387.35,47.74
ORD-01027,2024-03-18,Central,Consumer,Technology,Phones,2,317.01,0.15,634.03,83.64
ORD-01028,2025-03-02,West,Consumer,Technology,Accessories,7,60.24,0.0,421.69,104.5
ORD-01029,2024-02-16,South,Corporate,Office Supplies,Storage,7,99.09,0.05,693.66,97.44
ORD-01030,2025-07-20,East,Home Office,Office Supplies,Storage,1,118.51,0.15,118.51,10.87
ORD-01031,2025-05-15,West,Consumer,Office Supplies,Art,5,26.05,0.15,130.23,16.94
ORD-01032,2025-12-12,Central,Home Office,Technology,Phones,1,465.64,0.0,465.64,119.86
ORD-01033,2025-08-07,South,Consumer,Office Supplies,Art,6,24.9,0.0,149.4,30.44
ORD-01034,2024-04-21,South,Consumer,Technology,Machines,2,623.08,0.1,1246.17,205.75
ORD-01035,2025-11-26,Central,Consumer,Furniture,Tables,7,432.91,0.2,3030.34,-39.63
ORD-01036,2024-01-22,Central,Consumer,Office Supplies,Paper,5,18.4,0.2,92.01,5.19
ORD-01037,2024-05-13,South,Home Office,Technology,Phones,7,593.63,0.3,4155.44,-36.06
ORD-01038,2024-08-01,West,Consumer,Furniture,Chairs,6,221.53,0.0,1329.17,304.01
ORD-01039,2024-12-26,West,Corporate,Office Supplies,Paper,4,16.08,0.0,64.32,13.13
ORD-01040,2024-09-07,South,Corporate,Office Supplies,Paper,7,10.96,0.05,76.75,16.86
ORD-01041,2024-09-13,Central,Home Office,Office Supplies,Binders,6,33.78,0.2,202.67,-8.56
ORD-01042,2024-08-22,East,Home Office,Furniture,Bookcases,2,205.21,0.15,410.42,5.37
ORD-01043,2024-03-04,South,Corporate,Office Supplies,Storage,3,118.61,0.05,355.82,35.4
ORD-01044,2024-03-06,South,Corporate,Technology,Machines,6,656.32,0.15,3937.91,265.58
ORD-01045,2025-08-21,Central,Consumer,Office Supplies,Paper,1,17.32,0.0,17.32,3.09
ORD-01046,2025-04-27,South,Corporate,Office Supplies,Binders,4,30.33,0.1,121.34,12.83
ORD-01047,2025-03-17,South,Home Office,Office Supplies,Paper,5,19.26,0.1,96.29,8.89
ORD-01048,2025-07-17,South,Consumer,Office Supplies,Paper,6,19.53,0.15,117.17,7.83
ORD-01049,2025-05-10,Central,Corporate,Office Supplies,Binders,4,30.36,0.15,121.43,13.02
ORD-01050,2024-08-31,East,Home Office,Technology,Machines,3,595.7,0.1,1787.09,214.85
ORD-01051,2024-05-07,East,Corporate,Technology,Accessories,4,96.23,0.1,384.94,84.07
ORD-01052,2025-01-13,East,Corporate,Furniture,Bookcases,6,250.08,0.0,1500.46,325.66
ORD-01053,2025-02-05,West,Consumer,Office Supplies,Binders,2,16.62,0.1,33.25,5.16
ORD-01054,2024-07-17,West,Corporate,Technology,Accessories,3,66.39,0.0,199.18,52.87
ORD-01055,2025-10-11,South,Home Office,Technology,Accessories,5,101.22,0.0,506.08,123.18
ORD-01056,2025-09-10,Central,Home Office,Office Supplies,Art,7,22.73,0.0,159.08,27.65
ORD-01057,2025-02-28,Central,Corporate,Office Supplies,Storage,5,111.66,0.0,558.31,168.22
ORD-01058,2024-07-28,East,Home Office,Technology,Phones,5,280.66,0.1,1403.32,273.87
ORD-01059,2025-06-06,West,Corporate,Furniture,Tables,1,494.59,0.1,494.59,26.33
ORD-01060,2024-12-11,East,Consumer,Technology,Accessories,2,97.37,0.05,194.73,45.22
ORD-01061,2025-06-04,East,Home Office,Technology,Phones,7,514.71,0.0,3603.0,938.21
ORD-01062,2024-09-17,Central,Home Office,Office Supplies,Art,4,20.11,0.0,80.46,16.38
ORD-01063,2024-03-02,South,Corporate,Office Supplies,Art,1,19.39,0.1,19.39,1.65
ORD-01064,2025-05-25,South,Consumer,Technology,Phones,6,112.54,0.15,675.23,92.73
ORD-01065,2025-08-31,West,Consumer,Technology,Machines,4,668.95,0.15,2675.8,469.12
ORD-01066,2025-02-11,Central,Home Office,Office Supplies,Storage,5,120.16,0.0,600.8,113.01
ORD-01067,2024-03-17,Central,Corporate,Furniture,Bookcases,4,194.88,0.0,779.52,144.89
ORD-01068,2025-10-06,Central,Consumer,Office Supplies,Paper,6,11.91,0.0,71.47,12.28
ORD-01069,2025-06-29,East,Home Office,Technology,Accessories,6,67.94,0.0,407.66,113.38
ORD-01070,2025-04-14,South,Consumer,Office Supplies,Storage,7,85.75,0.3,600.26,-41.88
ORD-01071,2024-07-01,East,Corporate,Furniture,Bookcases,1,198.58,0.0,198.58,30.65
ORD-01072,2025-12-05,East,Home Office,Office Supplies,Binders,6,32.32,0.1,193.91,20.19
ORD-01073,2024-01-28,East,Home Office,Office Supplies,Storage,4,83.25,0.1,332.99,60.35
ORD-01074,2025-10-25,Central,Corporate,Office Supplies,Binders,3,33.44,0.05,100.33,13.85
ORD-01075,2025-04-12,Central,Home Office,Technology,Machines,6,698.86,0.1,4193.17,454.85
ORD-01076,2024-02-28,West,Consumer,Technology,Phones,2,262.85,0.0,525.71,138.68
ORD-01077,2025-07-18,East,Corporate,Technology,Phones,1,340.17,0.15,340.17,42.38
ORD-01078,2025-06-22,Central,Home Office,Technology,Phones,4,254.11,0.3,1016.45,-22.34
ORD-01079,2024-09-08,West,Consumer,Furniture,Chairs,6,206.47,0.1,1238.81,101.32
ORD-01080,2025-03-22,East,Corporate,Office Supplies,Storage,3,115.11,0.05,345.33,59.55
ORD-01081,2025-11-24,East,Corporate,Furniture,Bookcases,7,217.11,0.1,1519.77,54.03
ORD-01082,2025-12-15,West,Home Office,Office Supplies,Art,5,23.89,0.1,119.44,19.23
ORD-01083,2025-08-20,East,Corporate,Furniture,Chairs,4,243.36,0.0,973.44,80.1
ORD-01084,2025-12-17,South,Home Office,Office Supplies,Binders,6,30.84,0.2,185.03,8.55
ORD-01085,2024-01-08,Central,Corporate,Office Supplies,Art,2,17.24,0.0,34.49,5.95
ORD-01086,2025-01-10,Central,Consumer,Office Supplies,Storage,6,119.21,0.3,715.24,-34.1
ORD-01087,2025-10-03,South,Corporate,Office Supplies,Binders,1,37.57,0.0,37.57,9.74
ORD-01088,2024-05-30,South,Home Office,Office Supplies,Art,2,28.38,0.05,56.75,12.62
ORD-01089,2025-10-01,South,Corporate,Furniture,Chairs,4,247.88,0.0,991.53,153.87
ORD-01090,2025-08-05,East,Corporate,Furniture,Tables,1,352.59,0.3,352.59,-36.8
ORD-01091,2024-10-13,West,Consumer,Office Supplies,Storage,5,89.99,0.1,449.95,38.12
ORD-01092,2024-02-09,South,Consumer,Furniture,Bookcases,6,257.9,0.0,1547.42,247.75
ORD-01093,2025-02-20,South,Consumer,Office Supplies,Binders,2,28.36,0.1,56.72,7.42
ORD-01094,2025-11-05,South,Consumer,Technology,Accessories,3,116.93,0.2,350.78,13.28
ORD-01095,2024-07-29,West,Consumer,Technology,Phones,5,538.68,0.0,2693.41,635.7
ORD-01096,2024-03-15,South,Consumer,Technology,Accessories,6,80.43,0.1,482.61,48.04
ORD-01097,2025-09-16,West,Home Office,Technology,Accessories,1,89.59,0.1,89.59,8.12
ORD-01098,2025-05-16,West,Home Office,Technology,Phones,6,174.91,0.0,1049.47,174.41
ORD-01099,2024-02-18,West,Home Office,Office Supplies,Binders,1,47.76,0.1,47.76,6.65
ORD-01100,2024-11-08,Central,Corporate,Furniture,Chairs,1,240.66,0.1,240.66,16.74
ORD-01101,2024-05-24,South,Consumer,Office Supplies,Paper,4,22.92,0.05,91.67,9.48
ORD-01102,2024-01-02,Central,Corporate,Office Supplies,Art,1,34.07,0.1,34.07,2.97
ORD-01103,2024-07-09,South,Home Office,Furniture,Tables,2,416.58,0.15,833.15,17.08
ORD-01104,2025-01-24,West,Home Office,Technology,Accessories,7,85.07,0.0,595.49,125.2
ORD-01105,2024-09-06,West,Home Office,Technology,Accessories,7,113.02,0.0,791.14,179.87
ORD-01106,2024-01-28,East,Consumer,Furniture,Bookcases,1,213.76,0.1,213.76,10.29
ORD-01107,2024-08-28,West,Consumer,Technology,Machines,6,781.88,0.0,4691.29,1027.45
ORD-01108,2025-05-19,East,Corporate,Furniture,Tables,2,398.72,0.0,797.43,117.31
ORD-01109,2025-04-19,South,Home Office,Office Supplies,Binders,3,33.32,0.2,99.97,-6.45
ORD-01110,2024-07-30,West,Consumer,Office Supplies,Storage,6,65.29,0.0,391.72,80.06
ORD-01111,2024-11-25,West,Consumer,Furniture,Bookcases,4,191.96,0.2,767.85,-34.0
ORD-01112,2025-11-03,Central,Corporate,Furniture,Bookcases,3,234.49,0.2,703.48,-9.39
ORD-01113,2024-12-01,East,Corporate,Office Supplies,Paper,7,20.43,0.3,143.01,-2.51
ORD-01114,2025-07-26,Central,Corporate,Furniture,Chairs,3,261.37,0.3,784.1,-57.13
ORD-01115,2024-09-28,East,Corporate,Office Supplies,Art,7,22.41,0.1,156.85,16.37
ORD-01116,2025-05-15,Central,Corporate,Office Supplies,Binders,2,32.67,0.15,65.33,4.92
ORD-01117,2025-03-21,South,Home Office,Office Supplies,Paper,1,17.76,0.0,17.76,3.04
ORD-01118,2024-03-18,South,Home Office,Technology,Phones,3,377.48,0.0,1132.45,213.02
ORD-01119,2025-01-04,East,Home Office,Technology,Phones,3,511.49,0.0,1534.48,324.1
ORD-01120,2024-10-09,Central,Consumer,Office Supplies,Binders,3,34.78,0.0,104.35,16.65
ORD-01121,2025-07-01,East,Corporate,Furniture,Tables,3,421.72,0.0,1265.15,192.79
ORD-01122,2024-09-10,South,Consumer,Furniture,Bookcases,5,141.8,0.05,709.02,45.78
ORD-01123,2025-02-16,West,Consumer,Technology,Machines,1,661.37,0.0,661.37,199.7
ORD-01124,2024-06-15,South,Home Office,Furniture,Chairs,4,149.86,0.2,599.43,-52.21
ORD-01125,2024-06-13,East,Consumer,Office Supplies,Storage,4,66.31,0.05,265.26,47.06
ORD-01126,2024-12-28,West,Home Office,Office Supplies,Storage,4,99.57,0.0,398.29,71.0
ORD-01127,2024-05-01,West,Consumer,Technology,Accessories,4,103.53,0.3,414.13,16.54
ORD-01128,2024-05-07,East,Home Office,Furniture,Chairs,6,185.71,0.05,1114.25,182.16
ORD-01129,2025-11-02,Central,Consumer,Furniture,Bookcases,7,292.24,0.05,2045.69,158.06
ORD-01130,2024-11-24,East,Home Office,Office Supplies,Storage,1,98.05,0.15,98.05,9.1
ORD-01131,2024-02-24,South,Consumer,Technology,Accessories,2,75.96,0.0,151.93,45.57
ORD-01132,2025-03-26,Central,Consumer,Technology,Machines,5,612.2,0.0,3060.98,548.5
ORD-01133,2025-04-24,Central,Home Office,Office Supplies,Binders,2,30.53,0.15,61.05,4.43
ORD-01134,2024-12-01,West,Home Office,Furniture,Chairs,1,148.84,0.1,148.84,9.57
ORD-01135,2024-09-01,South,Home Office,Technology,Machines,3,857.02,0.2,2571.07,237.66
ORD-01136,2025-04-14,South,Consumer,Office Supplies,Art,1,29.03,0.15,29.03,1.73
ORD-01137,2025-12-05,West,Consumer,Furniture,Tables,6,326.36,0.15,1958.16,-27.02
ORD-01138,2024-11-22,East,Home Office,Office Supplies,Binders,6,40.9,0.15,245.39,15.97
ORD-01139,2025-11-25,West,Corporate,Technology,Phones,7,386.98,0.1,2708.86,374.61
ORD-01140,2025-10-04,Central,Home Office,Office Supplies,Paper,4,20.65,0.0,82.61,15.5
ORD-01141,2024-03-21,Central,Consumer,Technology,Machines,5,605.18,0.15,3025.9,536.76
ORD-01142,2024-02-19,East,Corporate,Furniture,Tables,2,408.45,0.3,816.89,-68.46
ORD-01143,2025-06-28,East,Corporate,Office Supplies,Storage,7,112.67,0.0,788.72,139.33
ORD-01144,2025-01-19,East,Consumer,Office Supplies,Paper,7,18.91,0.2,132.35,13.24
ORD-01145,2025-04-10,South,Home Office,Office Supplies,Storage,7,67.28,0.05,470.96,80.6
ORD-01146,2025-03-30,South,Corporate,Office Supplies,Paper,7,17.45,0.05,122.15,21.0
ORD-01147,2024-08-27,South,Consumer,Furniture,Chairs,3,226.62,0.05,679.85,49.9
ORD-01148,2025-11-02,Central,Corporate,Office Supplies,Binders,4,27.61,0.2,110.45,9.87
ORD-01149,2024-05-30,Central,Home Office,Technology,Machines,3,560.55,0.3,1681.66,66.91
ORD-01150,2025-04-14,South,Corporate,Technology,Machines,2,608.74,0.2,1217.47,69.2
ORD-01151,2025-05-30,South,Consumer,Furniture,Bookcases,1,176.8,0.15,176.8,9.56
ORD-01152,2025-01-14,East,Consumer,Office Supplies,Storage,2,94.37,0.3,188.75,-10.99
ORD-01153,2025-04-01,East,Corporate,Furniture,Bookcases,7,185.83,0.1,1300.79,77.42
ORD-01154,2024-12-04,East,Consumer,Office Supplies,Paper,2,12.79,0.15,25.57,1.51
ORD-01155,2024-01-02,Central,Consumer,Technology,Accessories,1,107.94,0.15,107.94,17.43
ORD-01156,2024-11-28,Central,Corporate,Technology,Machines,5,909.36,0.0,4546.82,1003.18
ORD-01157,2025-11-22,Central,Consumer,Furniture,Tables,4,398.35,0.05,1593.38,98.61
ORD-01158,2025-03-24,East,Home Office,Office Supplies,Storage,5,74.44,0.1,372.22,49.02
ORD-01159,2024-02-28,West,Home Office,Technology,Machines,7,485.98,0.05,3401.89,789.57
ORD-01160,2025-11-07,Central,Corporate,Technology,Accessories,3,91.98,0.0,275.95,68.65
ORD-01161,2024-10-10,Central,Home Office,Office Supplies,Binders,1,32.58,0.2,32.58,2.41
ORD-01162,2025-05-25,West,Consumer,Furniture,Tables,7,595.01,0.15,4165.09,-53.78
ORD-01163,2025-05-18,East,Consumer,Technology,Machines,4,513.31,0.15,2053.24,179.61
ORD-01164,2025-11-05,Central,Corporate,Technology,Machines,4,664.79,0.1,2659.18,305.59
ORD-01165,2025-06-12,Central,Consumer,Technology,Phones,6,547.04,0.0,3282.26,935.34
ORD-01166,2025-05-28,South,Home Office,Office Supplies,Paper,2,13.72,0.2,27.45,3.11
ORD-01167,2024-10-20,Central,Consumer,Office Supplies,Paper,1,12.27,0.1,12.27,1.94
ORD-01168,2025-10-22,Central,Home Office,Technology,Phones,6,504.48,0.0,3026.86,902.59
ORD-01169,2024-12-05,South,Home Office,Technology,Phones,7,546.72,0.3,3827.04,-14.7
ORD-01170,2024-01-11,Central,Corporate,Technology,Machines,5,690.01,0.3,3450.07,2.57
ORD-01171,2025-09-11,West,Consumer,Furniture,Chairs,5,289.66,0.0,1448.32,190.17
ORD-01172,2024-05-14,East,Corporate,Furniture,Tables,3,226.54,0.2,679.61,-39.2
ORD-01173,2025-10-02,South,Home Office,Furniture,Bookcases,7,154.73,0.2,1083.09,-41.33
ORD-01174,2025-10-10,West,Home Office,Furniture,Bookcases,5,204.82,0.0,1024.12,166.37
ORD-01175,2024-04-19,East,Corporate,Technology,Machines,1,946.07,0.1,946.07,198.16
ORD-01176,2024-02-17,West,Corporate,Furniture,Chairs,7,255.54,0.0,1788.75,197.8
ORD-01177,2025-12-30,East,Consumer,Technology,Accessories,2,80.16,0.1,160.32,21.91
ORD-01178,2024-11-05,Central,Consumer,Technology,Machines,7,506.39,0.0,3544.76,1015.15
ORD-01179,2024-03-30,Central,Consumer,Furniture,Tables,7,390.56,0.15,2733.9,88.89
ORD-01180,2024-04-23,South,Consumer,Technology,Machines,7,696.26,0.0,4873.8,1054.38
ORD-01181,2025-02-12,Central,Consumer,Technology,Phones,1,500.68,0.2,500.68,66.09
ORD-01182,2025-11-06,Central,Consumer,Office Supplies,Storage,1,103.81,0.05,103.81,10.75
ORD-01183,2025-10-01,West,Corporate,Furniture,Bookcases,5,179.42,0.05,897.08,52.17
ORD-01184,2025-03-12,Central,Corporate,Office Supplies,Art,4,29.72,0.1,118.89,13.77
ORD-01185,2025-10-17,Central,Corporate,Office Supplies,Paper,3,16.28,0.1,48.83,3.68
ORD-01186,2024-06-15,West,Home Office,Furniture,Tables,5,455.47,0.15,2277.34,-17.26
ORD-01187,2025-08-22,Central,Home Office,Furniture,Chairs,7,285.84,0.0,2000.88,412.53
ORD-01188,2025-02-16,Central,Consumer,Technology,Machines,1,741.65,0.2,741.65,64.65
ORD-01189,2025-05-20,East,Home Office,Office Supplies,Paper,3,13.51,0.3,40.53,-3.75
ORD-01190,2025-10-16,South,Consumer,Technology,Machines,2,520.66,0.05,1041.33,193.07
ORD-01191,2024-07-17,West,Consumer,Office Supplies,Art,3,28.76,0.0,86.27,18.76
ORD-01192,2025-02-02,East,Corporate,Technology,Machines,1,673.97,0.15,673.97,77.05
ORD-01193,2024-03-22,South,Home Office,Technology,Accessories,2,84.85,0.05,169.69,41.36
ORD-01194,2024-01-13,West,Corporate,Technology,Machines,2,603.97,0.0,1207.94,276.91
ORD-01195,2024-01-10,South,Corporate,Office Supplies,Binders,2,25.69,0.1,51.38,8.23
ORD-01196,2025-04-28,West,Home Office,Office Supplies,Binders,5,32.66,0.2,163.28,-0.53
ORD-01197,2024-07-10,West,Corporate,Furniture,Tables,4,501.83,0.15,2007.31,72.71
ORD-01198,2025-06-01,West,Consumer,Technology,Phones,6,277.84,0.0,1667.04,380.64
ORD-01199,2024-02-22,West,Corporate,Technology,Phones,3,428.67,0.0,1286.02,280.41
ORD-01200,2025-04-04,West,Corporate,Office Supplies,Art,5,21.04,0.1,105.21,11.99
